2015,"The Attic, Artisan Bread And Cafe",578-606 Bourke Street
2015,"Village Melbourne - Garden, Arbor, Bistro & Terrace",557 St Kilda Road
2015,+39 Pizzeria & Antipasteria,362-364 Little Bourke Street
2015,10 Ounce,267-275 Flinders Lane
2015,1000 Pound Bend,361-365 Little Lonsdale Street
2015,1000 Wat,269-321 Lonsdale Street
2015,11 Inch Pizza CBD,737-743 Bourke Street
2015,11 Inch Pizza,353-359 Little Collins Street
2015,123 Cake,472 Victoria Street
2015,1806,169-171 Exhibition Street
2015,1969,360-374 Collins Street
2015,1st Choice Restaurant,131-137 Lonsdale Street
2015,2 Beans in a Pot,347-349 King Street
2015,2Pocket Fairtrade,277-279 Little Lonsdale Street
2015,3 Lt Monkeys,252-254 Flinders Lane
2015,360 Brew Bar,360-374 Collins Street
2015,5 Solars Restaurant,8-10 Kavanagh Street
2015,56 Rosslyn Pizzeria,56 Rosslyn Street
2015,65 Degrees,309 Exhibition Street
2015,68 degree Coffee & Food,535 Little Lonsdale Street
2015,8 On Miles,6-12 Miles Street
2015,90 Secondi,700-704 Bourke Street
2015,@ Rice On Lonsdale,528-538 Lonsdale Street
2015,@Rice Cafe & Bar,391 St Kilda Road
2015,A Bite of China,95-97 Lygon Street
2015,A Little Bird Told Me ,224-252 La Trobe Street
2015,A Treat of France,269-283 City Road
2015,ABC Cafe,175-181 A'Beckett Street
2015,ACCA Cafe,101-111 Sturt Street
2015,AKI Sushi ,103-105 Queen Street
2015,Abla's Restaurant,109 Elgin Street
2015,Achelya Cafe,24-42 Newquay Promenade
2015,Acraba,63 Errol Street
2015,Aerial Events,20-30 Convention Centre Place
2015,Affogato,27-31 Hardware Lane
2015,Afghan Valley Restaurant,315-321 Elizabeth Street
2015,Ai Sushi ,517 St Kilda Road
2015,Aix Cafe Creperie Salon,252-254 Flinders Lane
2015,Ajisen Ramen,130-132 Bourke Street
2015,Ajisen Ramen,183-265 La Trobe Street
2015,Akachochin,29-65 South Wharf Promenade
2015,Akita Japanese Restaurant,34 Courtney Street
2015,Al Capone's Pizzeria,10 Gatehouse Drive
2015,Albert St Deli,478-484 Albert Street
2015,Alexandra Club,75-81 Collins Street
2015,Alexi's On Market Restaurant ,54-60 Market Street
2015,Alf's Cafe,23-99 Commercial Road
2015,Alibi Kitchen & Bar,459-475 Little Bourke Street
2015,Alice Nevins,228-236 Flinders Street
2015,Alice's Thai Restaurant,209-221 Little Collins Street
2015,All 4 U Cafe & Bar,536-548 Little Lonsdale Street
2015,All Smiles,55 Newquay Promenade
2015,Allegro Restaurant,199-209 Collins Street
2015,Alliance Catering,77-87 Southbank Boulevard
2015,Alluvial Restaurant,487-503 Collins Street
2015,Almina,439-441 Docklands Drive
2015,Aloi Na Cafe,59-61 Hardware Lane
2015,Alpino Restaurant,262 Lygon Street
2015,Altius Coffee Brewers,517-537 Flinders Lane
2015,Alto Hotel On Bourke,636-638 Bourke Street
2015,Amania Indian Takeaway ,522 Macaulay Road
2015,Ambrosia Protein,300-316 Flinders Street
2015,Amiconi,359 Victoria Street
2015,Amigos Hardware Lane,75-77 Hardware Lane
2015,Ample Cafe Bar,123-129 Howard Street
2015,Angliss Bistro,555 La Trobe Street
2015,Angliss Restaurant ,550 Little Lonsdale Street
2015,Animal Orchestra,163 Grattan Street
2015,Anju Restaurant & Bar,18-20 Little La Trobe Street
2015,Ant's Dumplings, Peel Street 
2015,Ants Bistro,210-222 Russell Street
2015,Arena View Restaurant And Cafe,122-148 Harbour Esplanade
2015,Aria Bar & Events,425-427 Docklands Drive
2015,Aria Bar & Lounge,1 Southgate Avenue
2015,Arintji,2 Swanston Street
2015,Arkibar,25-27 Coventry Street
2015,Aromatic Cafe,1-4 Nicholson Street
2015,Aromatic Espresso,415-421 St Kilda Road
2015,Arrow On Swanston,470-496 Swanston Street
2015,Artusi,3 Southgate Avenue
2015,Aruba Espresso Cafe,48-50 Flemington Road
2015,Asian Beer Cafe,183-265 La Trobe Street
2015,Asian Pavillion ,45 Collins Street
2015,Assembly Store,60 Pelham Street
2015,Astor Hotel,414-422 Lygon Street
2015,Asuka Sushi,715-727 Bourke Street
2015,Atami Sushi,613-639 Little Collins Street
2015,Atrium 485,479-495 La Trobe Street
2015,Atrium On 35,25-45 Collins Street
2015,Auction Rooms,103-107 Errol Street
2015,Aussie Steak N Burger,2-16 Newquay Promenade
2015,Australian Ballet Society,2-6 Kavanagh Street
2015,Avist Cafe ,97-103 Flemington Road
2015,Axil Coffee Roasters / Not to Scale,41-43 Exhibition Street
2015,B &B' Guette Cafe,305-307 Exhibition Street
2015,B Chuuasco,61-69 A'Beckett Street
2015,B3 Cafe,487-497 Flinders Lane
2015,BMW Melbourne Pty Ltd,102-156 City Road
2015,Ba'get,132-134 Russell Street
2015,Ba'get,284-294 La Trobe Street
2015,Babbo,32-54 Lonsdale Street
2015,Bacash,175-177 Domain Road
2015,Back Pocket Little Lonsdale,535 Little Lonsdale Street
2015,Bad Boys,53-57 Lonsdale Street
2015,Bagel Works,422-428 Collins Street
2015,Bakehouse Cafe,11-41 Melrose Street
2015,Bakers Central,612-624 Collins Street
2015,Bali Bagus On Franklin,83-93 Franklin Street
2015,Balti Indian Restaurant,126 Lygon Street
2015,Bambini Barrista,520-536 Little Collins Street
2015,Bamboo Garden,320-386 Epsom Road
2015,Bamboo House,47-55 Little Bourke Street
2015,Bamboo and Pine,790-814 Collins Street
2015,Bambu Bar,107-109 Flinders Lane
2015,Banc Cafe,788-812 Bourke Street
2015,BangPop,29-65 South Wharf Promenade
2015,Bangkok Rain ,176 Rathdowne Street
2015,Banoi,807-811 Bourke Street
2015,Bar Centrale Function Room,160-162 Lygon Street
2015,Bar Centrale,160-162 Lygon Street
2015,Bar Commercio,156-180 Berkeley Street
2015,Bar Humbug,203-207 King Street
2015,Bar Lourinha,37 Little Collins Street
2015,Bar Scopa ,127-133 Leicester Street
2015,Baraonda ,18-38 Siddeley Street
2015,Baretto Cafe,153-163 Barry Street
2015,Barista & Associates,551-555 Little Lonsdale Street
2015,Barista 101,89-105 Collins Street
2015,Barista Cafe,242-284 Exhibition Street
2015,Basement Espresso,180-184 Victoria Parade
2015,Batman's Hill On Collins Hotel,607-623 Collins Street
2015,Bean Buzz Cafe,512 Macaulay Road
2015,Beanstalk Cafe,790-814 Collins Street
2015,Bear Brass,3 Southgate Avenue
2015,Beatrix Cafe,688 Queensberry Street
2015,Becasse Bakery,269-321 Lonsdale Street
2015,Becco,11-25 Crossley Street
2015,Beer De Luxe,2 Swanston Street
2015,Belgian Beer Cafe Melbourne,3-7 Riverside Quay
2015,Beluga At Chevron ,519-539 St Kilda Road
2015,Benito's,422-428 Collins Street
2015,Bennetts Lane Jazz Club,25 Bennetts Lane
2015,Bento King,832-834 Swanston Street
2015,Bentoya Eat Drink Bento,115-123 Hardware Street
2015,Bergerac Restaurant,131-137 King Street
2015,Berth Restaurant,45 Newquay Promenade
2015,Berto's Bar,178-188 William Street
2015,Bhoj On Docklands ,16-32 Rakaia Way
2015,Big Boy BBQ,27-31 Hardware Lane
2015,Billy Green's,459 Collins Street
2015,Biryani House,343 King Street
2015,Bistro Du Peuple,302-308 Flinders Lane
2015,Bistro Gitan,2-14 Hope Street
2015,Bistro Guillaume,8 Whiteman Street
2015,Bistro Vite,84-90 Lorimer Street
2015,Bistro Vue,430-436 Little Collins Street
2015,Bistrot D'Orsay,184-192 Collins Street
2015,Bite ,385 Bourke Street
2015,Black Jack Cafe,1 Phillip Court
2015,Black Velvet Espresso ,136-144 Exhibition Street
2015,Blackball Lonsdale,272-282 Lonsdale Street
2015,Blackball,206-218 Bourke Street
2015,Blahnik,335-349 Little Collins Street
2015,Blok M Express,380-384 Little Bourke Street
2015,Blondie Bar,31 Sturt Street
2015,Blossom Espresso ,1-9 Freshwater Place
2015,Blu Fish Cafe,578-606 Bourke Street
2015,Blu Point Caffe,336 Russell Street
2015,Blue Bag,1-9 Freshwater Place
2015,Blue Bag,41-43 Exhibition Street
2015,Blue Planet ,274 City Road
2015,Blue Print Eatery & Bar,222-224 Pelham Street
2015,Blue Sky,7-9 Waratah Place
2015,Bluebag ,185-199 Queen Street
2015,Bluebag,32-54 Lonsdale Street
2015,Bluebag,405-407 Collins Street
2015,Bluebag,535 Little Lonsdale Street
2015,Bluestone Restaurant / Bluestone Downstairs,349-351 Flinders Lane
2015,Bluestone Wine Lounge,487-503 Collins Street
2015,Bluestones 520 Cafe,516-526 Bourke Street
2015,Bluetrain,3 Southgate Avenue
2015,Bobs Steak and Chop House,737-743 Bourke Street
2015,Boccata,28 Freshwater Place
2015,Bohemian Bar & Restaurant,20-30 Convention Centre Place
2015,Bokchoy Tang,2 Swanston Street
2015,Bomba Tapas Bar and Rooftop,103-105 Lonsdale Street
2015,Bombay Duck,269-321 Lonsdale Street
2015,Bon a Manger,1-9 Exhibition Street
2015,Bon a Manger,387 Little Bourke Street
2015,Bon,415-421 St Kilda Road
2015,Boney,68-70 Little Collins Street
2015,Bonnie Coffee Brewers,487-503 Collins Street
2015,Bonnie and Duke Cafe Port Melbourne,262-276 Lorimer Street
2015,Booji Cafe,747-757 Bourke Street
2015,Boost Juice ,467 Elizabeth Street
2015,Boost Juice,207-361 Flinders Street
2015,Boost Juice,344 Lygon Street
2015,Bopha Devi Docklands,37-43 Caravel Lane
2015,Borek Bakehouse,473-481 Elizabeth Street
2015,Bornga,281-287 Swanston Street
2015,Borsari Ristorante,201-203 Lygon Street
2015,Botanical Hotel,161-173 Domain Road
2015,Botica,269-321 Lonsdale Street
2015,Bottega Restaurant,72-74 Bourke Street
2015,Boutique Bistro Bar,122 Lygon Street
2015,Bouverie Deli,22-40 Lincoln Square North
2015,Bowery to Williamsburg,10-20 Oliver Lane
2015,Box On Collins Restaurant,189 Collins Street
2015,Bread & Meat Co,181 William Street
2015,Bread Kingdom,364-372 Lonsdale Street
2015,Bread Top,23-37 Star Crescent
2015,Breadtop Bakery,221 Little Lonsdale Street
2015,Breadtop Docklands,829-843 Bourke Street
2015,Breadtop,55-57 Elizabeth Street
2015,Breslin Bar And Grill,1-9 Southbank Boulevard
2015,Brewer's Place,181 William Street
2015,Brim CC,601-611 Little Collins Street
2015,Brioche By Philip ,97-101 Queen Street
2015,Brioche by Philip,555 Bourke Street
2015,Brioche by Phillip,114-120 Russell Street
2015,Briscola Espresso,159 Pelham Street
2015,Briscola,157 Pelham Street
2015,Broad Bean Organic Grocer,8-10 Kavanagh Street
2015,Broadcast Cafe,150-170 Harbour Esplanade
2015,Brooks of Melbourne,115-119 Collins Street
2015,Brother Baba Budan,353-359 Little Bourke Street
2015,Brother Dough,194-208 Victoria Street
2015,Brother Thomas Coffee,330-352 William Street
2015,Brothi by Joost,115-123 Hardware Street
2015,Brown Bagels,308-336 Collins Street
2015,Brown Sugar Cafe,317-321 Little Collins Street
2015,Brunetti Carlton,368-386 Lygon Street
2015,Brunetti City Square,199-209 Collins Street
2015,Brunetti Myer Melbourne,314-336 Bourke Street
2015,Buenos Aires Steakhouse,189 Lygon Street
2015,Bull And Bear Tavern,341-347 Flinders Lane
2015,Bullet Cafe,589-603 Bourke Street
2015,Bullrun,107-109 Flinders Lane
2015,Burger Club Cafe,37-43 Caravel Lane
2015,Burger Edge Collins Place,45 Collins Street
2015,Burger Edge,184 King Street
2015,Burger Edge,519-539 St Kilda Road
2015,Burger Edge,840-850 Collins Street
2015,Burger Monster,23-37 Star Crescent
2015,Burma Lane,111-129 Bourke Street
2015,By Korea ,212-222 La Trobe Street
2015,Byblos Bar & Restaurant,18-38 Siddeley Street
2015,CBD Bakery,480 Bourke Street
2015,CJ Lunchbar ,391-393 Little Lonsdale Street
2015,CQ Bar,111-129 Queen Street
2015,CY Sushi & Noodle,471 Elizabeth Street
2015,Ca De Vin,338-352 Bourke Street
2015,Caboose Canteen,199-209 Collins Street
2015,Cacao Green,235-251 Bourke Street
2015,Cacao Green,281-287 Swanston Street
2015,Cacao Lab,222-260 Elizabeth Street
2015,Cafe 201,199-207 Spring Street
2015,Cafe 34,28-38 Queen Street
2015,Cafe 409,409-413 St Kilda Road
2015,Cafe 417,415-417 Collins Street
2015,Cafe 555,555 La Trobe Street
2015,Cafe 60,56-64 Collins Street
2015,Cafe 6six 5fifty 5five,655-657 Spencer Street
2015,Cafe 99,98-166 Macaulay Road
2015,Cafe Alcaston,2 Collins Street
2015,Cafe Andiamo,253-265 Flinders Lane
2015,Cafe Arrow,470-496 Swanston Street
2015,Cafe Baci's,8 Whiteman Street
2015,Cafe Bakpak,167-175 Franklin Street
2015,Cafe Bar Mile,302-308 Flinders Lane
2015,Cafe Bisqui ,130-132 Flinders Street
2015,Cafe Bourgeois,380-394 Docklands Drive
2015,Cafe Caledonia,123-129 Lonsdale Street
2015,Cafe Cavallino,177-183 Lygon Street
2015,Cafe Cavallino,185-187 Lygon Street
2015,Cafe Cavallino,242-284 Exhibition Street
2015,Cafe Chinotto,2 Swanston Street
2015,Cafe Clicquot,80 Dorcas Street
2015,Cafe Corretto,225-229 Lygon Street
2015,Cafe De Kikaku,2-24 Waterview Walk
2015,Cafe De Tuscany,429 Little Collins Street
2015,Cafe Del Corso,353-355 Flinders Lane
2015,Cafe Domain,161-173 Domain Road
2015,Cafe Dominoes,525-539 Lonsdale Street
2015,Cafe Ecco,6-8 Nicholson Street
2015,Cafe Ella,553 St Kilda Road
2015,Cafe Eurasia ,582-606 Collins Street
2015,Cafe Euro Food & Wine Bar,486-492 Bourke Street
2015,Cafe Excello ,93-101 Spring Street
2015,Cafe Felice,457-471 Bourke Street
2015,Cafe Giraffe,302-304 Little Lonsdale Street
2015,Cafe Gruppo ,791-847 Collins Street
2015,Cafe Innov-8,11-41 Melrose Street
2015,Cafe Insieme,304-306 Little Collins Street
2015,Cafe Intimo,435-443 Little Collins Street
2015,Cafe Italia,195-199 Faraday Street
2015,Cafe Keyif,550-554 Flinders Street
2015,Cafe Kinetic,103-105 Flinders Lane
2015,Cafe La Colline ,519-539 St Kilda Road
2015,Cafe La Kiss,2-48 Harbour Esplanade
2015,Cafe Lansdowne,23 Lansdowne Street
2015,Cafe Le Petite Bourke Patisserie ,24-38 Little Bourke Street
2015,Cafe Lua,161-169 Elgin Street
2015,Cafe Mesh,351-357 Collins Street
2015,Cafe No 2,476-602 Footscray Road
2015,Cafe Nostimo,378-392 La Trobe Street
2015,Cafe Notturno,177-183 Lygon Street
2015,Cafe On Bourke,40-50 Bourke Street
2015,Cafe On Collins,303-317 Collins Street
2015,Cafe On Flinders,228-236 Flinders Street
2015,Cafe On Rankins ,169-173 Rankins Road
2015,Cafe Port IT ,49-89 Turner Street
2015,Cafe Promenade,435-437 St Kilda Road
2015,Cafe Rosco,407B-407D St Kilda Road
2015,Cafe Royale,53 Royal Parade
2015,Cafe Salida,515 Little Bourke Street
2015,Cafe Saporo,479-495 La Trobe Street
2015,Cafe Saporo,715-727 Bourke Street
2015,Cafe Scaletti,487 Elizabeth Street
2015,Cafe Segovia,317-321 Little Collins Street
2015,Cafe Segovia,34-36 Block Place
2015,Cafe Shots Espresso Bar,224-236 Queen Street
2015,Cafe Simply T,170-190 Russell Street
2015,Cafe Sonex ,324-326 King Street
2015,Cafe Stax,16 Little La Trobe Street
2015,Cafe Tono,143-153 Russell Street
2015,Cafe Tre Sette,139-143 Bouverie Street
2015,Cafe Trevi,294-296 Lygon Street
2015,Cafe Trutrack,56-62 Leveson Street
2015,Cafe Vagabond,81-83 Flemington Road
2015,Cafe Vic,100 St Kilda Road
2015,Cafe Vicolino,258-260 Flinders Lane
2015,Cafe Victoria,507-523 Elizabeth Street
2015,Cafe Vista,163-261 Spencer Street
2015,Cafe Vue,430-436 Little Collins Street
2015,Cafe on Flinders,42-52 Market Street
2015,Cafenatics ,494-512 Bourke Street
2015,Cafenatics 367,359-373 Collins Street
2015,Cafenatics Equitable Place,308-336 Collins Street
2015,Cafenatics Forte,807-811 Bourke Street
2015,Cafenatics On Church ,500-514 Collins Street
2015,Cafenatics QV,221 Little Lonsdale Street
2015,Cafenatics on Flinders,381-387 Flinders Lane
2015,Cafenatics,162-168 Collins Street
2015,Cafenatics,410-420 La Trobe Street
2015,Cafenatics,737-743 Bourke Street
2015,Cafenatics,990 La Trobe Street
2015,Cafeteria Lounge,455-457 St Kilda Road
2015,Caffe Bambino,813-817 Bourke Street
2015,Caffe Cino,2 Convention Centre Place
2015,Caffe Duomo,96-102 Elizabeth Street
2015,Caffe E Biscotti,317-321 Little Collins Street
2015,Caffe E Torta,331-339 Bourke Street
2015,Caffe Esc,791-847 Collins Street
2015,Caffe Lobello Carlton,275 Lygon Street
2015,Caffe Torre,183-265 La Trobe Street
2015,Campari House,21-25 Hardware Lane
2015,Campos Coffee,138-144 Elgin Street
2015,Canton Fast Food Pty Ltd,65-81 Victoria Street
2015,Capitano Restaurant and Bar,89-105 Collins Street
2015,Captain Melville ,34-38 Franklin Street
2015,Captains of Industry,209-213 Elizabeth Street
2015,Careers Cafe,194-196 Flinders Street
2015,Carlton Curry House,108 Lygon Street
2015,Carlton Fish & Chips,178 Rathdowne Street
2015,Carlton Football Club Limited, Royal Parade
2015,Carlton Megabytes,68 Victoria Street
2015,Carlton Yacht Club Bar,298 Lygon Street
2015,Carron Tavern (Spencer Street) Pty Ltd,396-400 Spencer Street
2015,Carte Crepes,156-292 Grattan Street
2015,Casa & Bottega,64-90 Sutton Street
2015,Castro's Kiosk,156-292 Grattan Street
2015,Caterina's Cucina E Bar,221-231 Queen Street
2015,Causeway Inn On The Mall,327-329 Bourke Street
2015,Cavallino Cafe,715-727 Bourke Street
2015,Cecconi's Cantina,61-73 Flinders Lane
2015,Celina Cafe,20-22 Kavanagh Street
2015,Cento Mani,138-140 Flinders Street
2015,Central Club Hotel,240-248 Victoria Street
2015,Centro Espresso Caffe,252-254 Flinders Lane
2015,Centro Espresso,100 St Kilda Road
2015,Cervo ,8 Whiteman Street
2015,Chai,127-135 Pelham Street
2015,Chaise Lounge,103-105 Queen Street
2015,Chan Charlie Chan,427-457 Swanston Street
2015,Char Siu House,37 Errol Street
2015,Charlie & Co,269-321 Lonsdale Street
2015,Charlie Lovett,29-65 South Wharf Promenade
2015,Charltons Entertainment Complex / Roxanne Bar,152-158 Bourke Street
2015,Charming Spice,272-282 Lonsdale Street
2015,Chatime,183-265 La Trobe Street
2015,Chatime,220-226 Collins Street
2015,Chatime,221 Little Lonsdale Street
2015,Chatime,28-32 Elizabeth Street
2015,Cheeky Brothers,25-77 Stubbs Street
2015,Chelsini's ,1-9 Freshwater Place
2015,Cherry & Twigs,547-555 Flinders Lane
2015,Chestnut Exchange Cafe,520-536 Little Collins Street
2015,Chia Chia,818-838 Collins Street
2015,Chiang Mai ,121 Lygon Street
2015,Chick-In,612-624 Collins Street
2015,Chilli Express,183-265 La Trobe Street
2015,Chilli India ,140-146 King Street
2015,Chillipadi Waterfront City,1 Star Circus
2015,Chimac,39-47 Peel Street
2015,Chin Chin Restaurant,125-127 Flinders Lane
2015,China Bar Asian Seafood Buffet,196-226 Exhibition Street
2015,China Bar Bourke Street,222-244 Bourke Street
2015,China Bar,235-241 Russell Street
2015,China Bar,257-259 Swanston Street
2015,China Chilli,206-218 Bourke Street
2015,China Red,206-218 Bourke Street
2015,China Spice,2-20 Sutherland Street
2015,China Style ,743-751 Swanston Street
2015,Chine On Paramount / Chine Express ,100-116 Bourke Street
2015,Chinese Canteen,311 Exhibition Street
2015,Chocolate Buddha,2 Swanston Street
2015,Chocolateria San Churro QV,221 Little Lonsdale Street
2015,Chocolateria San Churro,175 Lygon Street
2015,Choix Creperie Cafe,612-624 Collins Street
2015,Chokolait,269-321 Lonsdale Street
2015,Chokolait,318-322 Little Collins Street
2015,Chow City,287-293 Exhibition Street
2015,Chuckle Deli,318-322 Little Collins Street
2015,Chuckle Park,318-322 Little Collins Street
2015,Ciao Pizza Napoli Restaurant,386-392 Little Bourke Street
2015,Cinnamon's,829-843 Bourke Street
2015,Citizen Cafe,2 Convention Centre Place
2015,City BBQ Chinese Restaurant,178-190 Little Bourke Street
2015,City Blend,363-367 Little Collins Street
2015,City Grill Room,535 Little Lonsdale Street
2015,City Of Melbourne Bowls Club Inc, Dudley Street 
2015,City Orchids Garden,119-127 Little Bourke Street
2015,City Street Food,389-395 Lonsdale Street
2015,City Wine Shop ,159 Spring Street
2015,Classic Curry Company,597 Elizabeth Street
2015,Claypot King ,207-209 Swanston Street
2015,Clever Polly's,313 Victoria Street
2015,Clocks At Flinders Street Station,207-361 Flinders Street
2015,Club Asuka,59-63 Bourke Street
2015,Club Sandwich on Collins,459 Collins Street
2015,Clyde Hotel,377-391 Cardigan Street
2015,Coco Latte Cafe,1-9 Exhibition Street
2015,Cocoa Bean Cafe,130-148 William Street
2015,Cocoa Espresso,75-77 Flinders Lane
2015,Coconut House,449-451 Elizabeth Street
2015,Coda Bar & Restaurant,141-143 Flinders Lane
2015,Code Black,471-485 Collins Street
2015,Coffea Coffee,507-523 Elizabeth Street
2015,Coffee Exchange,93-101 Spring Street
2015,Coffee Gauge,821-827 Bourke Street
2015,Coffee On Cardigan,110-120 Victoria Street
2015,Coffee Rush,715-727 Bourke Street
2015,Coffee n' all Customs House,1010 La Trobe Street
2015,Coffee on Drummond,18-40 Queensberry Street
2015,Collingwood Football Club Limited,10-20 Olympic Boulevard
2015,Collins Kitchen,121-131 Collins Street
2015,Collins Quarter ,86-88 Collins Street
2015,Colonial Hotel / Brown Alley,234-244 King Street
2015,Colourful Yunnan Restaurant,680-682 Swanston Street
2015,Commodity Cafe ,439-445 St Kilda Road
2015,Commodity Cafe,497-503 St Kilda Road
2015,Common Ground,225-229 Victoria Street
2015,Common Man,20-30 Convention Centre Place
2015,Commune Pitstop ,2-12 Parliament Place
2015,Cone Heads,274-282 Flinders Street
2015,Conservatory,8 Whiteman Street
2015,Cookie,248-258 Swanston Street
2015,Coopers Inn,242-284 Exhibition Street
2015,Copperwood ,316-318 Lygon Street
2015,Corner & Bench,408-412 Bourke Street
2015,Corner Cafe & Convenience Store,52-62 Cade Way
2015,Cosentino,127-129 Lygon Street
2015,Counter,104-108 Errol Street
2015,Couple Cinos,190 Bellair Street
2015,Court House Hotel,86-90 Errol Street
2015,Cravings On Collins,251-257 Collins Street
2015,Crazy Wing,177 Russell Street
2015,Crema Espresso Bar,57-67 Little Collins Street
2015,Crema,351-357 Collins Street
2015,Crisp Creative Salad,111-129 Bourke Street
2015,Crisp Creative Salad,550 Bourke Street
2015,Crossbar Cafe,2 Swanston Street
2015,Crossley Hotel ,47-55 Little Bourke Street
2015,Crossways Food For Life,123 Swanston Street
2015,Crown Entertainment Complex and Casino,8 Whiteman Street
2015,Crown Metropol,57-91 Clarendon Street
2015,Crown Plaza,1-5 Spencer Street
2015,Crumbs Organic Bakehouse,16-18 Errol Street
2015,Crust Gourmet Pizza Bar Kensington,532-534 Macaulay Road
2015,Crust Gourmet Pizza,377-381 Lonsdale Street
2015,Crystal Jade Restaurant,196-208 Russell Street
2015,Cucina Di Esposito,162 Elgin Street
2015,Cultured Salad,309-325 Bourke Street
2015,Cumulus Inc,37-45 Flinders Lane
2015,Cupcake Central ,183-265 La Trobe Street
2015,Cupp,220-226 Collins Street
2015,Cure Bar & Eatery,164 Rathdowne Street
2015,Curry Bowl,237-239 Exhibition Street
2015,Curry Bowl,538-542 Little Collins Street
2015,Curry Point,392-406 Bourke Street
2015,Curry Vault ,18-20 Bank Place
2015,D & D Kebabs & Spuds,353-359 Little Collins Street
2015,D Food Connection,183-265 La Trobe Street
2015,D G Expresso,829-843 Bourke Street
2015,D House Cafe,313-315 Swanston Street
2015,D'Marcos  Espresso Bar,100-116 Bourke Street
2015,DANSK Restaurant,428-432 Little Bourke Street
2015,DOC Delicatessen,330 Lygon Street
2015,DOC Espresso,326-328 Lygon Street
2015,Da Bruno Ristorante Pizza,170-176 Wellington Parade
2015,Da Hu Peking Duck Restaurant,195-197 Russell Street
2015,Da Rin,169 Bourke Street
2015,Dainty Sichuan Food,206-218 Bourke Street
2015,Dainty Sichuan Noodle Express,269-321 Lonsdale Street
2015,Darac Grill & Bar,51-53 A'Beckett Street
2015,De Alleyway Espresso,318-322 Little Collins Street
2015,De Asian Hut,2-24 Waterview Walk
2015,De Gusto,744-770 Bourke Street
2015,De Mad Hatter,733-747 Collins Street
2015,Decca Bar,93-95 Queen Street
2015,Decoy Art House Cafe,303 Exhibition Street
2015,Dee Casa,133-139 City Road
2015,Degani @ Crown ,8 Whiteman Street
2015,Degani @ East Melbourne,372-380 Albert Street
2015,Degani @ Southern Cross Station,163-261 Spencer Street
2015,Degani At Urban Workshop,32-54 Lonsdale Street
2015,Degani Bakery Cafe,1 Phillip Court
2015,Degani Bakery Cafe,18-38 Siddeley Street
2015,Degani Bakery Cafe,367-377 Royal Parade
2015,Degani Bakery Cafe,374-380 Lonsdale Street
2015,Degani Bakery Cafe,48-50 Flemington Road
2015,Degani Bakery Cafe,517-537 Flinders Lane
2015,Degani Bakery Cafe,731-735 Bourke Street
2015,Degani Bakery Cafe,747-757 Bourke Street
2015,Degani@CBW,515 Little Bourke Street
2015,Degani@Southbank,35-47 Coventry Street
2015,Degans,207 Kensington Road
2015,Degraves Espresso,267-275 Flinders Lane
2015,Deja Vu Bar And Lounge,523-525 Little Lonsdale Street
2015,Deja Vue,393-401 St Kilda Road
2015,Delaware North Companies Australia Pty Ltd,200 Batman Avenue
2015,Delhi Belly,821-827 Bourke Street
2015,Delhi Rocks,212-224 King Street
2015,Deli 101,114-128 Flinders Street
2015,Deli 1884,24-38 Little Bourke Street
2015,Delicious Asian Cuisines & Pho,551-555 Little Lonsdale Street
2015,Delicious,85-161 Spencer Street
2015,Delight Sandwich Bar,259-263 Collins Street
2015,Demi Tasse ,550 Lonsdale Street
2015,Desi Dhaba,134-136 Flinders Street
2015,Designed For Livin,874-886 Lorimer Street
2015,Dessert Story,193-195 Little Bourke Street
2015,Dessert Story,305-307 Swanston Street
2015,Dhaka Restaurant & Supplies,145-147 Lonsdale Street
2015,Di Bella Coffee,19-21 Leveson Street
2015,Diane Sushi on La Trobe,224-252 La Trobe Street
2015,Dikstein's Corner Bar,433 Little Collins Street
2015,Dimattina's Restaurant Bar,306-308 Lygon Street
2015,Ding Dong Lounge,18-24 Market Lane
2015,Dinkum Pies,317-321 Little Collins Street
2015,Dinkum Pies,813-817 Bourke Street
2015,Dion,203-207 Lonsdale Street
2015,Dip In Cafe,18-22 McKillop Street
2015,Dlands Cafe,432-446 Docklands Drive
2015,Doc Martins,86-88 Collins Street
2015,Doc Pizza & Mozarella Bar,295-297 Drummond Street
2015,Dock 37,2 Convention Centre Place
2015,Docklands Espresso Bar,816-828 Bourke Street
2015,Dolan Uyghur Food Heaven,288-294 Russell Street
2015,Dolcetti,223 Victoria Street
2015,Domain Brasserie,179-181 Domain Road
2015,Domino's Pizza,251-257 Cardigan Street
2015,Don Camillo Cafe Bar Restaurant,215 Victoria Street
2015,Don Don Japanese Restaurant,183-265 La Trobe Street
2015,Don Don Japanese Restaurant,546-566 Collins Street
2015,Don Tojo,156-164 Cardigan Street
2015,Don Too,330-344 Little Lonsdale Street
2015,Don't Tell Charles Coffee & Desserts,70 Speakmen Street
2015,Donatos Licensed Cafe Restaurant,472-478 Bourke Street
2015,Dong Xing Asian Food & Sushi Noodle Bar,49 Errol Street
2015,Donnini's ,320 Lygon Street
2015,Donoghue's ,550 Lonsdale Street
2015,Donwoori,268-276 Victoria Street
2015,Dose Espresso ,155-161 Queen Street
2015,Dosirock,276-282 King Street
2015,Double Gauge,840-850 Collins Street
2015,Downstaris Bistro & Lounge ,211-229 Sturt Street
2015,Dr Dax Kitchen,156-292 Grattan Street
2015,Draculas,96-100 Victoria Street
2015,Dragon Boat Palace,149-155 Lonsdale Street
2015,Dragon Boat,206-218 Bourke Street
2015,Druids Cafe,407-409 Swanston Street
2015,Drums Cafe,65-81 Victoria Street
2015,Duayne Cafe,541-543 St Kilda Road
2015,Duke of Kent Hotel,293-299 La Trobe Street
2015,Dukes Coffee Roasters,247-251 Flinders Lane
2015,Dumpling Dynasty,20-30 Convention Centre Place
2015,Dumpling King,121 Exhibition Street
2015,Dumpling Restaurant,231-233 Exhibition Street
2015,Dumpling Sisters,229 Exhibition Street
2015,Dumpling World ,608-610 Collins Street
2015,Dumplings Plus,269 Swanston Street
2015,Dumplings Plus,269-321 Lonsdale Street
2015,Dymocks,234-250 Collins Street
2015,E Dumpling,267-275 Flinders Lane
2015,EAT,6 Riverside Quay
2015,ERMHA - Madcap Cafe,35-37 Poplar Road
2015,ES Teler 77,269-321 Lonsdale Street
2015,ESX Cafe,121 Exhibition Street
2015,Earl Canteen,269-321 Lonsdale Street
2015,Earl Canteen,403 St Kilda Road
2015,Earl Canteen,494-512 Bourke Street
2015,East Emperor,319-323 Rathdowne Street
2015,East End Den,47-55 Little Bourke Street
2015,East Melbourne General Store,53 Hotham Street
2015,East Side Story Bar + Cafe,92-106 Victoria Parade
2015,East,25-35 Little Collins Street
2015,Eastbourne Deli,76 Wellington Parade
2015,Easy Cafe,220 Bourke Street
2015,Eat Pizza Flinders,545-557 Flinders Street
2015,Eat Pizza,47-59 Flemington Road
2015,Eau-De-Vie ,84-94 Flinders Street
2015,Eclipse Coffee,487-503 Collins Street
2015,Eden Bar,163-169 Russell Street
2015,Edoya Japanese Restaurant,173-175 Bourke Street
2015,Edwin's Cafe,60 Olympic Boulevard
2015,Egg Sake Bistro,156-292 Grattan Street
2015,Egon's Conditorei Cafe and Bakery,8 Collins Street
2015,El Coco,120-138 King Street
2015,El Pronto,522-536 Swanston Street
2015,El Subor,500 Victoria Street
2015,Elceed Cafe,610 Queensberry Street
2015,Elements Cafe ,791-847 Collins Street
2015,Elements Catering (Kiosk),106-120 Collins Street
2015,Elles Natural,183-265 La Trobe Street
2015,Embassy Cafe,541-547 Spencer Street
2015,Emily's Place,183-265 La Trobe Street
2015,Emporia,314-336 Bourke Street
2015,Emporio Dell Pasta,8 Whiteman Street
2015,Empress of China,120-122 Little Bourke Street
2015,Encore Restaurant & Bar,131-137 Lonsdale Street
2015,Engel's Espresso,18-22 Collins Street
2015,Enlightened Cuisine,107-127 Queens Bridge Street
2015,Entrecote - Paris Steakhouse & Winebar,131-133 Domain Road
2015,Epicure Kitchen Cafe,549-551 St Kilda Road
2015,Epocha Restaurant,49 Rathdowne Street
2015,Equal 9 Cafe,18 Queen Street
2015,Equinox Bar Restaurant,183-265 La Trobe Street
2015,Errol's ,69-71 Errol Street
2015,Escape City,213-217 Russell Street
2015,Espresso Alto ,744-770 Bourke Street
2015,Espresso Extraction,132-142 Wellington Parade
2015,Espresso Hub,641-679 Collins Street
2015,Espresso Room,20-30 Convention Centre Place
2015,Esspressino,68-70 King Street
2015,Eureka Skydeck 88,3-7 Riverside Quay
2015,European Bier Cafe,114-122 Exhibition Street
2015,Express Kartel,500-514 Collins Street
2015,Expresso Bagels,221 Little Lonsdale Street
2015,Ezard,187 Flinders Lane
2015,FM Karaoke Bar,146-150 Bourke Street
2015,FOB Rolls,235-251 Bourke Street
2015,Faces & Places,502-506 Victoria Street
2015,Famish'd,415-421 St Kilda Road
2015,Famish'd,555 Bourke Street
2015,Famished,130-134 Little Collins Street
2015,Famous Hot Pot ,210-222 Russell Street
2015,Fancy Fillings Waterfront,432-446 Docklands Drive
2015,Fandango,97 Errol Street
2015,Fashion Lounge,121-123 Flinders Lane
2015,Father's Office,221 Little Lonsdale Street
2015,Fatto Bar & Cantina,100 St Kilda Road
2015,Favoloso Pizza Pasta Cafe,744-770 Bourke Street
2015,Fawkner Park Tennis Centre,65W Toorak Road
2015,Feast @ 520,516-520 Collins Street
2015,Feddish,2 Swanston Street
2015,Federal Coffee Palace,338-352 Bourke Street
2015,Feeling Fruity Docklands,790-814 Collins Street
2015,Felicci's,1 Phillip Court
2015,Felt Restaurant,26-30 Flinders Street
2015,Ferguson Plarre Bakehouse,27 Errol Street
2015,Fifty Six Threads Cafe,56 Derby Street
2015,Filter by Small Batch,539-557 Collins Street
2015,Fine Food Corner,143-151 Therry Street
2015,Fish Bar,25 Newquay Promenade
2015,Five & Dime Bagel,517-537 Flinders Lane
2015,Five & Plus,319-323 Swanston Street
2015,Five Points,538-542 Little Collins Street
2015,Five66,566-580 Flinders Street
2015,Flagstaff City,45-55 Dudley Street
2015,Flavor7,2-24 Waterview Walk
2015,Flavour Cafe,47-59 Flemington Road
2015,Flavour Town Hot Pot,202-204 Bourke Street
2015,Flavours On Spencer ,495-497 Spencer Street
2015,Flinders St Coffee,1-5 Elizabeth Street
2015,Flipboard Cafe,141-149 La Trobe Street
2015,Flora Indian Restaurant,238-242 Flinders Street
2015,Flower Drum,124-128 Bourke Street
2015,Flower Temple ,221 Little Lonsdale Street
2015,Fo Guang Yuan Art Gallery,131-141 Queen Street
2015,Fomo Thai,171 Bourke Street
2015,Fonda Flinders LAne,31-35 Flinders Lane
2015,Foo Go's,258 Elgin Street
2015,Food Inc.,183-265 La Trobe Street
2015,Food Sutra,545-557 Flinders Street
2015,Footlights Restaurant,131-137 Lonsdale Street
2015,Four 8 Five Cafe Bar & Dining,475-485 Flinders Lane
2015,Frances Food & Coffee,243-263 Franklin Street
2015,Fraser Place Melbourne,10-14 Bennetts Lane
2015,Fraser Place Melbourne,17-19 Exploration Lane
2015,Fraus Crepes & Chocolat,345 Victoria Street
2015,Freeo's,162-198 Clarendon Street
2015,French Lettuce,237-239 Nicholson Street
2015,French Quarter Patisserie,566-574 Queensberry Street
2015,Frescatis Fine Foods,469-477 La Trobe Street
2015,Fresh Food Market Hawkers,65 Swanston Street
2015,Front Cooking School,242-244 Lygon Street
2015,Frozen by a Thousand Blessings,183-265 La Trobe Street
2015,Fruits of Passion,188 Bellair Street
2015,Frying Colours,520 Macaulay Road
2015,Fu Lu Chinese Cafe,172 Rathdowne Street
2015,Fugazza,353-359 Little Collins Street
2015,Fukuryu Ramen,22-26 Corrs Lane
2015,Funk Fish,65-81 Victoria Street
2015,Funky Curry,164-166 Bourke Street
2015,G2 Korean BBQ,301 Elizabeth Street
2015,GG Restaurant & Bar,126-158 Clarendon Street
2015,GJ's Grill,243-263 Franklin Street
2015,GT Road Cusine,419-421 Spencer Street
2015,Gainsville Cafe,3-7 Riverside Quay
2015,Gami At Healeys - Chicken & Beer,535 Little Lonsdale Street
2015,Gami Chicken & Beer,26-32 King Street
2015,Gami Chicken and Beer,100 Little Lonsdale Street
2015,Ganache Chocolate Lounge,241-245 Collins Street
2015,Gangnam Style No1,2-92 Rebecca Walk
2015,Garage Cafe & Bar,213-221 Berkeley Street
2015,Garrards,432-446 Docklands Drive
2015,Gasolina,20-30 Convention Centre Place
2015,Gate 10,100-108 Harbour Esplanade
2015,Gateway Deli Bistro,312-318 St Kilda Road
2015,Gaylord Indian Restaurant,4-12 Tattersalls Lane
2015,Gazi,46-74 Flinders Street
2015,Gekkazan,338-352 Bourke Street
2015,Gelatissimo Carlton,197 Lygon Street
2015,Gemma Simple Italian,183 Elgin Street
2015,Genmai Cuisine,520-536 Little Collins Street
2015,George Street Cafe,63-65 George Street
2015,Geppetto Trattoria,78A Wellington Parade
2015,Ghin Khao,242 Swanston Street
2015,Giannis Luncheon ,466-468 Little Lonsdale Street
2015,Gifts @ CQ,111-129 Queen Street
2015,Gills Diner,358-360 Little Collins Street
2015,Ginger Leaf Thai Restaurant ,2-24 Waterview Walk
2015,Gingerboy,27-29 Crossley Street
2015,Ginza Teppanyaki Japanese Restaurant,152-158 Bourke Street
2015,Global Kitchen,313-329 Exhibition Street
2015,Gloria Jean's Coffees Harbour Town,432-446 Docklands Drive
2015,Gloria Jean's Coffees,222-244 Bourke Street
2015,Gloria Jean's Coffees,612-624 Collins Street
2015,Gloria Jeans Coffees Docklands,2-24 Waterview Walk
2015,Gloria Jeans Level 2,183-265 La Trobe Street
2015,Gloria Jeans,183-265 La Trobe Street
2015,Gloria Jeans,221 Little Lonsdale Street
2015,Gloria Jeans,382-384 Elizabeth Street
2015,Gochi,8 Whiteman Street
2015,Gogo Kaiten Sushi,212 Swanston Street
2015,Gold Leaf Harbour View Restaurant Pty Ltd,23-37 Star Crescent
2015,Golden Buddha Lounge,244-250 Queen Street
2015,Golden Delicious,189-195 Exhibition Street
2015,Golden House Chinese Restaurant,63-85 Queens Bridge Street
2015,Golden Kirin,264-266 Russell Street
2015,Golden Monkey,389-395 Lonsdale Street
2015,Golden Orchid Restaurant,124-126 Little Bourke Street
2015,Golden Tower Restaurant,145 Swanston Street
2015,Goldern Nugget,117-121 Lonsdale Street
2015,Goldfingers Mens Club,248-250 King Street
2015,Goldilocks,264-266 Swanston Street
2015,Goldleaf BBQ Cuisine,425-427 Docklands Drive
2015,Golftec Australia,136-144 Exhibition Street
2015,Gopal's Vegetarian Restaurant,139-141 Swanston Street
2015,Gordons Cafe & Bar,304-306 Little Collins Street
2015,Gourmet Curry Hut,318-322 Little Collins Street
2015,Gourmet Pizza Bar,162 Albert Street
2015,Goz City,555 Bourke Street
2015,Gozleme Cafe ,83-129 Victoria Street
2015,Gozleme Cafe, Peel Street 
2015,Grab 'n' Go,744-770 Bourke Street
2015,Gradi @ Crown,8 Whiteman Street
2015,Grain 717,715-727 Bourke Street
2015,Grain Store,517-537 Flinders Lane
2015,Grains Galore Bakery & Kebabs,85-161 Spencer Street
2015,Grand BBQ,222-244 Bourke Street
2015,Grasshoppers Feast,309-325 Bourke Street
2015,Great Space Cafe,45 Collins Street
2015,Great Taste Take Away Food,23-37 Star Crescent
2015,Great Western Hotel,204-208 King Street
2015,Green Light Cafe & Sandwich Bar,27-31 Munster Terrace
2015,Green Pepper Indian Restaurant ,18 Bourke Street
2015,Grigons & Orr Corner Store ,445-447 Queensberry Street
2015,Grill Steak Seafood,64-66 Hardware Lane
2015,Grill'd (QV),221 Little Lonsdale Street
2015,Grill'd ,256-268 Flinders Street
2015,Grill'd Healthy Burgers,183-265 La Trobe Street
2015,Grill'd Healthy Burgers,350 Lygon Street
2015,Grill'd Healthy Burgers,369-371 Little Bourke Street
2015,Grill'd,3 Southgate Avenue
2015,Grill'd,85-161 Spencer Street
2015,Grocery Bar East Melbourne,162 Albert Street
2015,Grossi Florentino,78-84 Bourke Street
2015,Grounded House A Coffee Place,499 Macaulay Road
2015,Guava Bean,1-9 Freshwater Place
2015,Guhng ,19 McKillop Street
2015,Guk Bab,535 Little Lonsdale Street
2015,Gurkha's Express,492-500 Flinders Street
2015,Guzman Y Gomez,289-299 Swanston Street
2015,Gyoza Douraku,147-149 Bourke Street
2015,Gyoza Gyoza & Momo Shabu Shabu,115-117 Little Bourke Street
2015,Gypsy & Pig,391-393 Little Lonsdale Street
2015,HJC Bar,156-292 Grattan Street
2015,Hairy Canary,196-212 Little Collins Street
2015,Hakata Genuke,168 Russell Street
2015,Hako,310 Flinders Lane
2015,Hall St Cafe,49-89 Turner Street
2015,Hallah,268-276 Victoria Street
2015,Halyard Coffee,744-770 Bourke Street
2015,Han Guuk Guan Korean Restaurant,13A Victoria Street
2015,Hanabishi Japanese Restaurant,187 King Street
2015,Hanaichi,221 Little Lonsdale Street
2015,Happy Bites,89-91 City Road
2015,Harajuku Crepes,183-265 La Trobe Street
2015,Harbour Cafe,106-120 Harbour Esplanade
2015,Harbour Coffee House ,194-206 Harbour Esplanade
2015,Hardimans Hotel,521-535 Macaulay Road
2015,Hare & Grace,62-66 King Street
2015,Harry's At Stamford ,121-127 Little Collins Street
2015,Hawke St Foodstore,72 Hawke Street
2015,Haymarket Place,212 Berkeley Street
2015,Headquarters Tavern,428-550 Epsom Road
2015,Health Cosmos,259-263 Collins Street
2015,Healthy Habits Cafe,111-129 Bourke Street
2015,Healthy Habits,3-5 Star Circus
2015,Healthy Nibbles Cafe,53-57 Lonsdale Street
2015,Healthy Sushi Melbourne,335-349 Little Collins Street
2015,Heirloom ,131-135 Bourke Street
2015,Hell's Kitchen,252-254 Flinders Lane
2015,Henry & The Fox,500-514 Collins Street
2015,Her Majesty's Theatre,199-219 Exhibition Street
2015,Hero Hardware Lane,392-406 Bourke Street
2015,Heyday Hong Kong Cafe,16 Celestial Avenue
2015,Hibachi Japanese Grill ,228-230 King Street
2015,Hilton Melbourne South Wharf,2 Convention Centre Place
2015,Hilton On The Park,178-226 Wellington Parade
2015,Hirize Bakery Cafe,182-200 Spencer Street
2015,Ho Ho's Canteen,156-292 Grattan Street
2015,Ho's Cafe  ,221-231 Queen Street
2015,Hofbrauhaus Restaurant ,26-28 Market Lane
2015,Hofbrouhaus Restaurant,18-24 Market Lane
2015,Hokuto Japanese Cafe,377-391 Swanston Street
2015,Holiday Inn On Flinders Melbourne,561-585 Flinders Lane
2015,Home Kitchen & Bar,210-222 Russell Street
2015,Home Turf Cafe,400 Epsom Road
2015,Hooks @ The Yarra,50-56 Lorimer Street
2015,Hopetoun Tea Rooms,280-292 Collins Street
2015,Hophaus,3 Southgate Avenue
2015,Horse Bazaar,395397 Little Lonsdale Street
2015,Hot Space,11-15 Waratah Place
2015,Hotel Food and Drink,15-33 William Street
2015,Hotel Ibis Little Bourke Street ,594-600 Little Bourke Street
2015,Hotel Ibis,15-21 Therry Street
2015,Hotel Lincoln,91-95 Cardigan Street
2015,Hotel Spencer Bar & Dining Room,475-477 Spencer Street
2015,House of Cards,156-292 Grattan Street
2015,HuTong Dumpling Bar,14-16 Market Lane
2015,Hudson's Coffee,15-33 William Street
2015,Hudson's Coffee,199-207 Spring Street
2015,Hudson's Coffee,612-620 Bourke Street
2015,Hudsons Coffee Collins Square,717-731 Collins Street
2015,Hudsons Coffee Freemasons,320 Victoria Parade
2015,Hudsons Coffee,520-536 Little Collins Street
2015,Hudsons Elizabeth Street,84-86 Elizabeth Street
2015,Hugo's Expresso,601-611 Little Collins Street
2015,Humbaba,18-24 Dorcas Street
2015,Hungry Boys Cafe,477 King Street
2015,Hungry Jack's Pty Ltd,15-19 Swanston Street
2015,Hungry Jack's,151-169 Kings Way
2015,Hungry Jack's,180-182 Bourke Street
2015,Hungry Jack's,183-265 La Trobe Street
2015,Hungry Jack's,291-309 Smithfield Road
2015,Hungry Jack's,377-391 Swanston Street
2015,Hungry Jack's,85-161 Spencer Street
2015,Hungry Jacks,163-261 Spencer Street
2015,Huoyan Shan,768-804 Swanston Street
2015,Hush Bar @ Melbourne Central,183-265 La Trobe Street
2015,Huxtaburger,351-357 Collins Street
2015,I Bean Cafe,196-226 Exhibition Street
2015,I Bean,103-105 Queen Street
2015,I Love Dumplings,106-116 A'Beckett Street
2015,I Sushi ,391 St Kilda Road
2015,I-ne,183-265 La Trobe Street
2015,IBM Bistro,60 City Road
2015,Ibis Styles Hotel ,131-137 King Street
2015,Ichi Ichi Ku Izakaya,185-189 Domain Road
2015,Ichi Maki,700-704 Bourke Street
2015,Ichi Maki,791-847 Collins Street
2015,Idarts Hive,221 Little Lonsdale Street
2015,Ignition Cafe,189-219 Salmon Street
2015,Ikyu Sushi,494-512 Bourke Street
2015,Il Bacaro Cucina E Bar,166-186 Little Collins Street
2015,Il Cantuccio Restaurant,209 Lygon Street
2015,Il Dolce Freddo,116 Lygon Street
2015,Il Duca Cafe,122-130 Wellington Parade
2015,Il Duca Restaurant,132-142 Wellington Parade
2015,Il Gambero On The Park ,166-168 Lygon Street
2015,Il Gusto,256 Lygon Street
2015,Il Nostro Posto,60 Hardware Lane
2015,Il Pom Italian,2 Swanston Street
2015,Il Sole,581-589 La Trobe Street
2015,Il Solito Posto,107-113 Collins Street
2015,Il Vicolo,48-50 Grattan Street
2015,Imperial Hotel,2-8 Bourke Street
2015,Impresso Cafe,341 King Street
2015,In A Rush ,607-619 Bourke Street
2015,In A Rush Docklands ,791-847 Collins Street
2015,In A Rush Espresso,85-161 Spencer Street
2015,In A Rush,200-222 Queen Street
2015,In A Rush,3 Southgate Avenue
2015,In A Rush,427-457 Swanston Street
2015,In A Rush,788-812 Bourke Street
2015,In Season Thai Cuisine,279 Victoria Street
2015,In Zone Cafe,613-639 Little Collins Street
2015,In a Rush Espresso,384-390 Little Collins Street
2015,In a Rush Espressor Fed Square,2 Swanston Street
2015,In a Rush,121 Exhibition Street
2015,In a Rush,35-47 William Street
2015,In a Rush,509-515 St Kilda Road
2015,In a Rush,700-704 Bourke Street
2015,International Diethnes Cakes,185-187 Lonsdale Street
2015,Intersection Cafe,337-343 Lygon Street
2015,Invita,70-74 Therry Street
2015,Isabella ,18-22 Flemington Road
2015,Iseya Icecream Bar and Cafe,376-388 Flinders Street
2015,Ishiya Stonegrill,210-222 Russell Street
2015,Issus Cafe Bar,252-254 Flinders Lane
2015,Itoya ,182-200 Spencer Street
2015,Izakaya Chuji Japanese Restaurant,226-236 Russell Street
2015,Izakaya Den,114-120 Russell Street
2015,Izakya Hachibeh,143-145 Bourke Street
2015,J T's Fine Catering,608-610 Collins Street
2015,JJ's Bar & Grill,8 Whiteman Street
2015,Jack Sprat,313-329 Exhibition Street
2015,Jaisalmer Palace Indian Restaurant ,98 Bourke Street
2015,Jalan Alor,206-218 Bourke Street
2015,James Squire,439-441 Docklands Drive
2015,Jamps Cafe,18-38 Siddeley Street
2015,Jang Gun Restuarant,550 Lonsdale Street
2015,Jankara Japanese Bar,300 Russell Street
2015,Japan Inn Gourmet Sushi,427-431 St Kilda Road
2015,Japanese Cafe Restaurant J,165-167 Exhibition Street
2015,Japanese Lunch Place Don-Bay,430-442 Collins Street
2015,Jardin Tan, Alexandra Avenue
2015,Jarrah Restaurant & Bar,24-26 Southgate Avenue
2015,Jasper Kitchen ,489-499 Elizabeth Street
2015,Jerry's Burgers 'n' Fries,482 Macaulay Road
2015,Jimmy V's Gourmet Food & Coffee Bar,179-183 Adderley Street
2015,Jimmy Watsons ,331-335 Lygon Street
2015,John Curtin Hotel,27-31 Lygon Street
2015,Johnie's Lounge,364-378 Docklands Drive
2015,Jolly J's,228-236 Flinders Street
2015,Jones the Grocer,269-321 Lonsdale Street
2015,Joomak Korean Restaurant,407-409 Swanston Street
2015,Joseph Swan Deli,501-503 Macaulay Road
2015,Josies Food Bar,133-159 Victoria Street
2015,Joy Cupcakes,121 Exhibition Street
2015,Joy Cupcakes,3 Southgate Avenue
2015,Juicy Bao,178-190 Little Bourke Street
2015,Jungle Juice Bar,252-254 Flinders Lane
2015,Junie Moon's,511 Spencer Street
2015,KCL (Koury's Coffee Lounge) ,14-40 Market Street
2015,KFC Carlton,743-751 Swanston Street
2015,KFC,2 West Gate Freeway
2015,KFC,201-203 Bourke Street
2015,KFC,23-37 Star Crescent
2015,KFC,27-29 Swanston Street
2015,KFC,27-45 Whiteman Street
2015,KFC,28-32 Elizabeth Street
2015,KFC,401-405 Swanston Street
2015,KL Bunga Raya,34 Errol Street
2015,Kaefei,269-275 William Street
2015,Kagawa Japanese Cafe,744-770 Bourke Street
2015,Kalamaki Greek Street Food,389-395 Lonsdale Street
2015,Kanda Sushi Noodle Bar,333-335 La Trobe Street
2015,Kaneda Japanese Restaurant,194-200 Bourke Street
2015,Kanoodles,520-528 Victoria Street
2015,Kantina Kartel,500-514 Collins Street
2015,Kaprica,19-21 Lincoln Square South
2015,Kasskass,490 Flinders Street
2015,Katmandu Cottage,349-351 Victoria Street
2015,Kawai Sushi,483 Swanston Street
2015,Kay'z Cafe,595A Elizabeth Street
2015,Kebab Factory,95-97 Lygon Street
2015,Kedai Satay,186 King Street
2015,Kenny's Bakery Cafe ,446-452 Collins Street
2015,Kenny's Bakery Cafe ,535 Little Lonsdale Street
2015,Kenny's Bakery Cafe,1-9 Freshwater Place
2015,Kenny's Bakery Cafe,105 Elizabeth Street
2015,Kenny's Bakery Cafe,111-129 Bourke Street
2015,Kenny's Bakery Cafe,184-192 Queen Street
2015,Kenny's Bakery Cafe,53-57 Lonsdale Street
2015,Kensington Pizza ,1 Gower Street
2015,Kenzan Japanese Restaurant,45 Collins Street
2015,Kerekere,207-227 City Road
2015,Khokolat Bar,386-392 Little Bourke Street
2015,Kikoo Sushi,256-268 Flinders Street
2015,Killiney Kopitiam ,114 Lygon Street
2015,Killiney Kopitiam Bourke Street,100-116 Bourke Street
2015,Kim Sing Chinese Restaurant,228-236 Flinders Street
2015,Kimchi Tray,292-298 Flinders Street
2015,Kinfolk Cafe,669-675 Bourke Street
2015,King Jons,185 King Street
2015,King's Steak & Seafood Bar,209-211 King Street
2015,Kings Takeaway,217-219 King Street
2015,Kinship & Co,538-542 Little Collins Street
2015,Kinya Japanese Restaurant ,58-70 Lorimer Street
2015,Kirk's Wine Bar,380-384 Little Bourke Street
2015,Kiss N' Fly,206-218 Bourke Street
2015,Kitchen Inn,469 Elizabeth Street
2015,Kitchen Workshop,8 Whiteman Street
2015,Kiwi Tribeca Fish Burger Bar,158 Albert Street
2015,Klik Cafe ,296-310 La Trobe Street
2015,Knock Knock Cafe,200-222 Queen Street
2015,Koba KBBQ,115-123 Hardware Street
2015,Koko Black Chocolate,52-54 Collins Street
2015,Koko Black,331-339 Bourke Street
2015,Kokoblack,167 Lygon Street
2015,Kokoro Ramen,157-159 Lonsdale Street
2015,Kong Fu Hotplate,397-407 Docklands Drive
2015,Kraken & Crew,538-542 Little Collins Street
2015,Kri Kri Restaurant,37-41 Little Bourke Street
2015,Krimper,20-24 Guildford Lane
2015,Krispy Kreme Australia Pty Ltd,607-623 Collins Street
2015,Kultura,541-557 Lonsdale Street
2015,Kum Den Restaurant,3-5 Waratah Place
2015,Kuni's Japanese Restaurant,196-226 Exhibition Street
2015,L'Incontro,134-142 Swanston Street
2015,L+ Nic ,281-287 Swanston Street
2015,LB2,538-542 Little Collins Street
2015,La Belle Miette,392-406 Bourke Street
2015,La Belle Miette,8 Collins Street
2015,La Cacciatora Restaurant,218-224 Drummond Street
2015,La Camera,3 Southgate Avenue
2015,La Cantina , Peel Street 
2015,La Cassolette,241-243 Flinders Lane
2015,La Chinesca,69-73 Collins Street
2015,La Citta,256-268 Flinders Street
2015,La Contadina Restaurant ,168-170 Rathdowne Street
2015,La Di Da,188-202 King Street
2015,La Figo,181-183 King Street
2015,La Notte Restaurant,140-146 Lygon Street
2015,La Parisienne Pates,290 Lygon Street
2015,La Porchetta,300-308 Victoria Street
2015,La Spaghetteria Ristorante,132-136 Lygon Street
2015,La Stazione,207-361 Flinders Street
2015,La Stradda Cafe,324-328 William Street
2015,La Tortilleria,72 Stubbs Street
2015,La Trobe Cafe,360 La Trobe Street
2015,La Vita Buona 'The Good Life' Cellar Bar Deli,199-209 Collins Street
2015,Lab 39,156-292 Grattan Street
2015,Lagers On Lygon,66-88 Lygon Street
2015,Lahore Biryani House,192 Elgin Street
2015,Lakeside Bistro And Function Centre, Elliott Avenue
2015,Laksa Bar,2-14 Exploration Lane
2015,Lambs Restaurant,80 Queensberry Street
2015,Lanai Restaurant & Bar,111-129 Queen Street
2015,Lanes Edge Cafe,39-43 Bourke Street
2015,Laneway Cafe,452-470 Flinders Street
2015,Langleys,654-670 Bourke Street
2015,Larder Section,393-397 Little Bourke Street
2015,Lats Bakery Cafe,24-42 Newquay Promenade
2015,Laurent - Boulangerie Patisserie,1-9 Powlett Street
2015,Laurent Boulangerie Patisserie,181 William Street
2015,Laurent Boulangerie Patisserie,304-306 Little Collins Street
2015,Laurent,45 Collins Street
2015,Lavita Cafe On William ,170-176 William Street
2015,Le Bangkok,195 Lonsdale Street
2015,Le Croissant Des Halles,507-523 Elizabeth Street
2015,Le Miel Et Le Lune,330-332 Cardigan Street
2015,Le Petit Gateau,483-501 Bourke Street
2015,Le Sucre Cafe,335-349 Little Collins Street
2015,Le Taj Restaurant,70-74 Rosslyn Street
2015,Le Traiteur,552-554 Lonsdale Street
2015,Le Triskel,392-406 Bourke Street
2015,LeCirque,23-37 Star Crescent
2015,Lee's Chinese Gourmet,276-282 King Street
2015,Left Bank Melbourne,1-9 Southbank Boulevard
2015,Legals Cafe ,452-456 Lonsdale Street
2015,Lemongrass,174-178 Lygon Street
2015,Level 7 Cafe,427-457 Swanston Street
2015,Liaision,22 Ridgway Place
2015,Lily Blacks,12-18 Meyers Place
2015,Lime Flower Thai Takeaway,38-48 Haines Street
2015,Limerick Castle Hotel & Restaurant,161-163 Errol Street
2015,Lindt Chocolat Cafe,271-285 Collins Street
2015,Lindt Chocolat Cafe,3 Southgate Avenue
2015,Ling Nam Chinese Restaurant,204 Little Bourke Street
2015,Little Africa,352-362 Victoria Street
2015,Little Bean Blue,93-101 Spring Street
2015,Little Charley - Brady Hotels Central Melbourne,22-32 Little La Trobe Street
2015,Little Chef,28 Wills Street
2015,Little Coconut,441-447 Elizabeth Street
2015,Little Colin,435-443 Little Collins Street
2015,Little Cupcakes ,250-254 Flinders Street
2015,Little Cupcakes,118-126 Queen Street
2015,Little Cupcakes,181 William Street
2015,Little Ipoh,360 La Trobe Street
2015,Little King Cafe,197-209 Flinders Lane
2015,Little Lygon Restaurant,220-228 Lygon Street
2015,Little Malaysia,43 Little Bourke Street
2015,Little Nyonya Australia,816-828 Bourke Street
2015,Little Ramen Bar,219-233 Elizabeth Street
2015,Little Richard Pizza Bar,5-17 Flemington Road
2015,Little Sista,218-242 Little Collins Street
2015,Little Wish,520-536 Little Collins Street
2015,Loading Dock,58-70 Lorimer Street
2015,Lobby Lounge,199-209 Collins Street
2015,Local Birds,304-306 Little Collins Street
2015,Local Folk Cafe,43 Epsom Road
2015,Locale Coffee,517 St Kilda Road
2015,Locanda Italian Steakhouse,174-192 Exhibition Street
2015,Locker Room Cafe,122-148 Harbour Esplanade
2015,Long Shot,717-731 Collins Street
2015,Longrain Melbourne,40-46 Little Bourke Street
2015,Lonsdale Coffee Delight,19-21 Lonsdale Street
2015,Loop Project Space & Bar,19-23 Meyers Place
2015,Lorca,258-260 Flinders Lane
2015,Lord Of The Fries Melbourne Central,183-265 La Trobe Street
2015,Los Argentinos Lygon,143-145 Lygon Street
2015,Lost Angel Bar & Restaurant ,299 Spring Street
2015,Lost and Found,524 Macaulay Road
2015,Lot#6 Cafe,156-292 Grattan Street
2015,Luca's Cafe,19-35 Queen Street
2015,Lucky 7 Watergate Convenience Store & Internet Cafe,2-24 Waterview Walk
2015,Lucky Chans,8 Whiteman Street
2015,Lucky Yu Kitchen,768-804 Swanston Street
2015,Lucy Liu's Kitchen & Bar,24-30 Russell Street
2015,Ludlow Bar & Dining Room,6 Riverside Quay
2015,Ludo Cafe,118-126 Queen Street
2015,Lumia Bar,8 Whiteman Street
2015,Luncheonette Cafe ,169-173 Rankins Road
2015,Luncheonette Cafe ,169-173 Rankins Road
2015,Lupino,39-41 Little Collins Street
2015,Lygon Charcoal Grill & Steakhouse,120 Lygon Street
2015,Lygon Dolce Vita,230 Lygon Street
2015,Lygon Food Store,263 Lygon Street
2015,Ma's Dumpling Den,205-207 Lygon Street
2015,Mabrown Curry House,121 Exhibition Street
2015,MacAulay's Charcol Chicken,497 Macaulay Road
2015,MacKayla Kafe,8 Errol Street
2015,Maccaroni Trattoria Italiana,233-239 Collins Street
2015,Macchiato On Collins,446-452 Collins Street
2015,Macchiato,2 St Andrews Place
2015,Mackeral Sushi,318-322 Little Collins Street
2015,Mad Duck Cafe,84-90 Lorimer Street
2015,Mad Mex Flinders Lane,31-39 Elizabeth Street
2015,Mad Mex,121 Exhibition Street
2015,Mad Mex,183-265 La Trobe Street
2015,Mad Mex,20-30 Convention Centre Place
2015,Mad Mex,221 Little Lonsdale Street
2015,Mad Mex,85-161 Spencer Street
2015,Madam Brussels ,59-63 Bourke Street
2015,Madam's Kitchen,38-40 Lonsdale Street
2015,Madame Squint,353-359 Little Collins Street
2015,Madame's Kitchen,32-54 Lonsdale Street
2015,Madamimadam,97-103 Elizabeth Street
2015,Madras Banyan Tree,612-620 Bourke Street
2015,Mag Nation Pty Ltd,88 Elizabeth Street
2015,Magnolia Court Boutique Hotel,95-101 Powlett Street
2015,Maha Bar & Grill,20-26 Queen Street
2015,Mai Tai Restaurant,226-236 Russell Street
2015,Mai's Bakery,219-233 Elizabeth Street
2015,Mail Exchange Hotel,672-696 Bourke Street
2015,Maio Cafe,45 Collins Street
2015,Majestic Cakery,85-87 Peel Street
2015,Malthouse Kitchen,113-129 Sturt Street
2015,Mama Wongs,1-9 Exhibition Street
2015,Mama's Buoi,338-352 Bourke Street
2015,Mamak ,364-372 Lonsdale Street
2015,Mamasita,11 Collins Street
2015,Mamma's Boy,93-101 Spring Street
2015,Man Mo,24-42 Newquay Promenade
2015,Man Tong Kitchen,8 Whiteman Street
2015,Manchester Press,8-14 Rankins Lane
2015,Manchipster Fish And Burger Bar,63-75 Coventry Street
2015,Manchuria,7-9 Waratah Place
2015,Mantra On Jolimont ,133-143 Jolimont Road
2015,Mapo Grill & Bar ,551-555 Little Lonsdale Street
2015,Marble Fox,527-533 Little Lonsdale Street
2015,Maria Trattoria,122-124 Peel Street
2015,Marios On The Wheels,233-245 William Street
2015,Market Espresso & Trolley Hire,83-129 Victoria Street
2015,Market Lane Bar,487-503 Collins Street
2015,Market Lane Cafe,133-159 Victoria Street
2015,Market Lane Coffee,176-178 Faraday Street
2015,Market Star Cafe ,85-87 Peel Street
2015,Markov,350-352 Drummond Street
2015,Marrakech Bar,435-443 Little Collins Street
2015,Marroo,392-396 Little Collins Street
2015,Mas Nudle Cafe,397-407 Docklands Drive
2015,Masani's Italian Dinning & Terrace ,313-315 Drummond Street
2015,Matsuki Japanese Cafe,259-263 Collins Street
2015,Mawal,152-154 Lygon Street
2015,Max Bar & Restaurant,54-58 Hardware Lane
2015,Max Brenner Chocolates,221 Little Lonsdale Street
2015,Max Brenner-Chocolate Bar,183-265 La Trobe Street
2015,McDonald's Bourke St West,392-406 Bourke Street
2015,McDonald's,1-9 Freshwater Place
2015,McDonald's,24-28 Collins Street
2015,McDonald's,305-331 City Road
2015,McDonald's,407A St Kilda Road
2015,McDonalds Royal Children's Hospital,48-50 Flemington Road
2015,McDonalds,11-15 Elizabeth Street
2015,McDonalds,27-45 Whiteman Street
2015,McDonalds,275-279 Swanston Street
2015,McDonalds,341-357 Bourke Street
2015,McDonalds,501-503 Elizabeth Street
2015,McDonalds,9-11 Swanston Street
2015,Meat Ball,133-135 Flinders Lane
2015,Meat Market South Wharf,29-65 South Wharf Promenade
2015,Mecure North Melbourne,265-281 Errol Street
2015,Medallion Cafe & Cakes,209-211 Lonsdale Street
2015,Medibank Icehouse,99-127 Pearl River Road
2015,Medici Cafe Bar Restaurant,24-42 Newquay Promenade
2015,Mediterranean Deli,76-80 Collins Street
2015,Meiji Japanese Cafe,105 Little Bourke Street
2015,Mekong Vietnam,239-241 Swanston Street
2015,Melba Cafe,42-56 Franklin Street
2015,Melba Restaurant,1 Southgate Avenue
2015,Melbourne Central Lion Hotel,183-265 La Trobe Street
2015,Melbourne City Cafe,579-581 Elizabeth Street
2015,Melbourne Dae Jang Geum Korean BBQ,246-260 Bourke Street
2015,Melbourne Exhibition Centre,2 Clarendon Street
2015,Melbourne Halal Kebabs,45-63 Swanston Street
2015,Melbourne Hwaro Korean BBQ Restaurant,562-566 Little Bourke Street
2015,Melbourne Mahn Doo,299-319 Queen Street
2015,Melbourne Marriott Hotel,92-106 Lonsdale Street
2015,Melbourne Public,2 Convention Centre Place
2015,Melbourne Savage Club,12-16 Bank Place
2015,Melbourne Thai Cafe,328-350 Victoria Street
2015,Melbourne Toodouri,260 Victoria Street
2015,Melbourne Vietnam Noodle House,251-253 Swanston Street
2015,Mellow's Restaurant and Bar,66-88 Lygon Street
2015,Melrose Takeaway,11-41 Melrose Street
2015,Memphis Blues Cafe,330-344 Arden Street
2015,Menya Ramen,183-265 La Trobe Street
2015,Menya Ramen,437-439 Elizabeth Street
2015,Menzies Tavern Hotel,446-452 Collins Street
2015,Mercadante Pizza,123-125 Lygon Street
2015,Merchant Osteria Veneta,487-503 Collins Street
2015,Mercure Hotel,13-23 Spring Street
2015,Mercure Melbourne Therry Street,58-64 Franklin Street
2015,Mesh/Tonic Bar,40-56 Queens Bridge Street
2015,Meshiya Japanese Restaurant,221 Little Lonsdale Street
2015,Metro Baguette,274-282 Flinders Street
2015,Metropolitan Hotel,263-267 William Street
2015,Metropolitan Hotel,42 Courtney Street
2015,Meyers Place Bar,20 Meyers Place
2015,Mezz Bar,100 St Kilda Road
2015,Mezzo ,27-35 Little Bourke Street
2015,Michel's Patisserie Melbourne Central,183-265 La Trobe Street
2015,Michel's Patisserie,187-193 Elizabeth Street
2015,Michel's Pattiserie Flinders Street,561-581 Flinders Street
2015,Michel's Pattiserie,163-261 Spencer Street
2015,Michelangelo,215 Queen Street
2015,Michelino's Trattoria,53-75 Pelham Street
2015,Middle Fish ,122-128 Berkeley Street
2015,Migo's,281-291 Flinders Lane
2015,Mike's Mediterranean,221 Little Lonsdale Street
2015,Mill & Bakery at Central Pier,143-175 Harbour Esplanade
2015,Minang Nasi Padang,604 Swanston Street
2015,Minh Xuong Seafood & BBQ Restaurant,209-211 Russell Street
2015,Minzaman Lebanese Restaurant,292 Lygon Street
2015,Miss Chu,295-301 Exhibition Street
2015,Mister Close,246-260 Bourke Street
2015,Mistress Bourke and the King,578-606 Bourke Street
2015,Mitre Tavern,5-9 Bank Place
2015,Miyako,3 Southgate Avenue
2015,Momo Station,235-251 Bourke Street
2015,Momo Sushi ,660-674 Swanston Street
2015,Momo Sushi Melbourne,163 Pelham Street
2015,Mona Lisa on Lygon,258 Lygon Street
2015,Monkey Bar Noodles & Sushi,8-10 King Street
2015,Monkey Mania,23-37 Star Crescent
2015,Mook Ji Bar,402-408 Lonsdale Street
2015,More Than Fresh,87-91 Bourke Street
2015,Moretons Brasserie,166 Rathdowne Street
2015,Morgans at 401,401-403 Collins Street
2015,Movenpick Icecream,221 Little Lonsdale Street
2015,Movida Aqui,494-512 Bourke Street
2015,Movida Next Door,164-170 Flinders Street
2015,Movida,164-170 Flinders Street
2015,Mr Banks,351-357 Collins Street
2015,Mr Big Stuff,12-18 Meyers Place
2015,Mr Burger ,93-141 Therry Street
2015,Mr Collins,733-747 Collins Street
2015,Mr Fusion,538-542 Little Collins Street
2015,Mr Grazier,700-704 Bourke Street
2015,Mr Hive Kitchen & Bar,27-45 Whiteman Street
2015,Mr Kitchen,319-323 Swanston Street
2015,Mr Lee ,173-181 Victoria Street
2015,Mr Mason,522-534 Collins Street
2015,Mr Nice Guy,535 Little Lonsdale Street
2015,Mr Price's Food Store,502 Queensberry Street
2015,Mr Speaker ,2 Lonsdale Street
2015,Mr Tulk Cafe,304-328 Swanston Street
2015,Mrs Parma's ,19-25 Little Bourke Street
2015,Ms Collins,419-429 Collins Street
2015,Mugs Alley,239-293 Wellington Parade South
2015,Muleta's,422-428 Queen Street
2015,Mum Mum Asian Street Food,65-67 Flemington Road
2015,Munich Brau Haus,29-65 South Wharf Promenade
2015,Musicbox  - Karaoke Bar,547-549 Elizabeth Street
2015,My Serendipity Cafe,23-99 Commercial Road
2015,My Sushi Japanese Cafe,1-9 Powlett Street
2015,N Lee Bakery And Cafe,57-67 Little Collins Street
2015,N Lee Bakery,422-428 Collins Street
2015,NANT Whisky Bar,318-322 Little Bourke Street
2015,NL House,115 Grattan Street
2015,NY Deli,158-164 Queen Street
2015,Nabe One,269-321 Lonsdale Street
2015,Naked Espresso Bar,386-392 Little Bourke Street
2015,Nam Loong Seafood Restaurant,171-173 Russell Street
2015,Nam Loong,221-223 Russell Street
2015,Nando's ,380 Elizabeth Street
2015,Nando's - Bourke Place,578-606 Bourke Street
2015,Nando's Bourke Street,79-85 Bourke Street
2015,Nando's Chevron,519-539 St Kilda Road
2015,Nando's Melbourne Central,183-265 La Trobe Street
2015,Nando's Russell Street,168-174 Bourke Street
2015,Nando's,1 Star Circus
2015,Nando's,164-170 Flinders Street
2015,Nando's,173-181 Victoria Street
2015,Nando's,27-29 Elizabeth Street
2015,Nando's,335-347 Swanston Street
2015,Nando's,394-400 Little Bourke Street
2015,Nando's,744-770 Bourke Street
2015,Nandos Northbank,545-557 Flinders Street
2015,Nashi ,1-9 Freshwater Place
2015,Nashi ,6-8 Dorcas Street
2015,Nashi Panini,505-535 Collins Street
2015,Nashi,111-129 Bourke Street
2015,Nashi,181 William Street
2015,Nashi,45 Collins Street
2015,Nashi,790-814 Collins Street
2015,Naughtons Parkville Hotel,43-49 Royal Parade
2015,Neapoli Wine Bar,16-30 Russell Place
2015,Nelayan,265-267 Swanston Street
2015,Network Public Bar & Pizzeria,85-161 Spencer Street
2015,New Bakehouse and Coffee,506 Macaulay Road
2015,New Guernica,318-322 Little Collins Street
2015,New Kum Den,15-21 Heffernan Lane
2015,New Lanna Thai ,65-67 Flemington Road
2015,New Shanghai,269-321 Lonsdale Street
2015,New Zealand Natural Ice Cream,241 Lygon Street
2015,Newquay International Buffet,2-16 Newquay Promenade
2015,Niagara Hotel,383-387 Lonsdale Street
2015,Nick's Spaghetti Bar,556-558 Lonsdale Street
2015,Nieuw Amsterdam,106-112 Hardware Street
2015,Nihonbashi Zen,189-195 Exhibition Street
2015,Nihonshu Shochu & Sake Bar,226-236 Russell Street
2015,Nikko Sushi Noodle ,80 Wellington Parade
2015,Nine Elephants Thai Restaurant,737-743 Bourke Street
2015,Nine Taiwanese Dessert House,247-255 Lonsdale Street
2015,Nirankar Restaurant ,174-176 Queen Street
2015,Nishiki Healthy Hut,145-147 Lonsdale Street
2015,Nizams Indian Restaurant,520-528 Victoria Street
2015,No 1 Delicious BBQ,483 Swanston Street
2015,No 1 Delicious,83-93 Franklin Street
2015,No 8 Exhibition Cafe,46-74 Flinders Street
2015,No. 8 by John Lawson,8 Whiteman Street
2015,No1 Steam Boat,1-7 Lygon Street
2015,No35,25-45 Collins Street
2015,Nobu Melbourne,8 Whiteman Street
2015,Nomads Industry Backpackers,196-200 A'Beckett Street
2015,Non Solo Pasta,790-814 Collins Street
2015,Noodle Kingdom ,175 Russell Street
2015,Noodle Kingdom / GOng De Lin,264-266 Swanston Street
2015,Nori Nori,377-379 Little Collins Street
2015,Nori Sushi,740-750 Swanston Street
2015,Norm's Cafe ,476-602 Footscray Road
2015,Norsiah's Kitchen,604 Swanston Street
2015,North End Deli,257-259 Macaulay Road
2015,North Melbourne Takeaway & Snack Bar,95 Dryburgh Street
2015,Northbanc Cafe,507-541 Flinders Street
2015,Northeast China Family,302-308 Flinders Lane
2015,Nourish Salads,221-231 Queen Street
2015,Novotel Melbourne On Collins,258-274 Collins Street
2015,Number 1 Rice Noodle,234 Little Bourke Street
2015,Nusantara,235-251 Bourke Street
2015,Nutrition Bar,415-421 St Kilda Road
2015,O-Bento,351-357 Collins Street
2015,O-Bento,500-514 Collins Street
2015,O-Bento,990 La Trobe Street
2015,Oaks On Collins,480-490 Collins Street
2015,Ocean View Cafe Port Melbourne,263-329 Lorimer Street
2015,Octane Espresso ,240-278 William Street
2015,Oko Oko,644-658 Swanston Street
2015,Old Hankau,654 Elizabeth Street
2015,Old Town Restaurant,284-294 La Trobe Street
2015,Oli & Levi Espresso,446-452 Collins Street
2015,Oli Levi,20-26 Coromandel Place
2015,Olio Cucina,28-32 Block Place
2015,Olive Cafe,61-71 Agnes Street
2015,Olivino @ Urban Workshop ,32-54 Lonsdale Street
2015,Olivino On Collins ,720-750 Collins Street
2015,Om Vegetarian,109-117 Swanston Street
2015,Om Vegetarian,221-231 Collins Street
2015,Om Vegetarian,28-32 Elizabeth Street
2015,Ombra,76 Bourke Street
2015,One Star Coffee Shop,297-307 Victoria Street
2015,Onyx ,28 Freshwater Place
2015,Ootoro On Collins,522-534 Collins Street
2015,Ootoro,1 Phillip Court
2015,Operator 25,25 Wills Street
2015,Oporto @ QV,221 Little Lonsdale Street
2015,Optic Kitchen and Bar,2 Swanston Street
2015,Oree,175-183 Queen Street
2015,Oriental House,156-292 Grattan Street
2015,Oriental Spoon,291-293 Elizabeth Street
2015,Oriental Spoon,368-378 Elizabeth Street
2015,Oriental Tea House,183-265 La Trobe Street
2015,Oriental Tea House,378-380 Little Collins Street
2015,Origami Sushi & Noodles ,744-770 Bourke Street
2015,Original Lolly Store,239 Lygon Street
2015,Original Sushi,482-484 Bourke Street
2015,Orino Pty Ltd,476-602 Footscray Road
2015,Orr Street Cafe,16-26 Orr Street
2015,Osc&r On Rathdowne ,180 Rathdowne Street
2015,Oshin Sushi Bar,367-377 Royal Parade
2015,Oskar,1-5 Errol Street
2015,Othello Greek Restaurant,6 Riverside Quay
2015,P J O'Briens Irish Pub & Side Bar,3 Southgate Avenue
2015,Pacific BBQ Cafe ,213-215 Lonsdale Street
2015,Pacinos Italian Restaurant,320-386 Epsom Road
2015,Paco's Tacos,494-512 Bourke Street
2015,Pad Thai,246-260 Bourke Street
2015,Pallet Espresso,612-624 Collins Street
2015,Palsaik,152-158 Bourke Street
2015,Pancake Dessert House,194-200 Bourke Street
2015,Panini Bar,87-91 Bourke Street
2015,Panned Pizza,189-191 Bourke Street
2015,Papa Gino's Pizza Restaurant,219-221 Lygon Street
2015,Papa Goose,91-93 Flinders Lane
2015,Papa Guiseppe Pizza & Pasta,340-348 Abbotsford Street
2015,Paperboy Kitchen,306-320 Little Lonsdale Street
2015,Pappa Roti Melbounre Cbd / Dotcom Internet Cafe ,349 Elizabeth Street
2015,Papparich,221 Little Lonsdale Street
2015,Paris End Cafe,18-22 Collins Street
2015,Paris Go Bistro,114-116 Rathdowne Street
2015,Park Hyatt Melbourne,33-61 Cathedral Place
2015,Parkville Store,52 Morrah Street
2015,Passion Flower,168-174 Bourke Street
2015,Pasta Rustica Ristorante,148-150 Lygon Street
2015,Pastuso,104-112 Flinders Street
2015,Pear Drop Foods,253-265 Flinders Lane
2015,Pearls Cafe & Sandwich Bar,196-198 Pelham Street
2015,Pearson and Murph'y Cafe,124 La Trobe Street
2015,Pegasus Apartment Hotel,206-216 A'Beckett Street
2015,Pei Modern,25-45 Collins Street
2015,Pellaroma Cafe Bar ,2-50 Southbank Boulevard
2015,Pellegrinis Espresso Bar,66 Bourke Street
2015,Penny Blue,318-322 Little Bourke Street
2015,Pensione Hotel Melbourne,10-22 Spencer Street
2015,Pepper Lunch,307-311 Elizabeth Street
2015,Pepperoni's,7-9 Elizabeth Street
2015,Percys,156-292 Grattan Street
2015,Perk Up Cafe Burger Bar,608-610 Collins Street
2015,Perkup Burgers,250-254 Flinders Street
2015,Perri Cine Video & Photography,599 Elizabeth Street
2015,Persillade,1-9 Powlett Street
2015,Persimmon Cafe/Bistro,130-200 St Kilda Road
2015,Petaling Street Malaysian Hawker Food,178-190 Little Bourke Street
2015,Peter Rowland Catering At NGV International,130-200 St Kilda Road
2015,Peter Rowlands Catering, Alexandra Avenue
2015,Phancy Cafe & Catering ,408-416 Queen Street
2015,Phillippa's,109-117 Swanston Street
2015,Pho 24,220 Spencer Street
2015,Pho Dung Tan Dinh City,226-236 Russell Street
2015,Pho Nom,269-321 Lonsdale Street
2015,Pho P&T Traditional Vietnamese Restaurant,213-217 Russell Street
2015,Pho Victoria,370-372 Victoria Street
2015,Pho n Roll,585-587 Little Collins Street
2015,Piatti,573-585 Bourke Street
2015,Picasso Artee Cafe,56-62 Lygon Street
2015,Piccolo Mondo,240 Lygon Street
2015,Piccolocino,538-542 Little Collins Street
2015,Pide Bread Bakery,65-81 Victoria Street
2015,Pie Face ,24-28 Collins Street
2015,Pie Face ,281-291 Flinders Lane
2015,Pie Face 146 Swanston St,146 Swanston Street
2015,Pie Face Exhibition Street,87-91 Bourke Street
2015,Pie Face Flinders Street,250-254 Flinders Street
2015,Pie Face,163-261 Spencer Street
2015,Pie Face,183-265 La Trobe Street
2015,Pie Face,219-233 Elizabeth Street
2015,Pie Face,221 Little Lonsdale Street
2015,Pie Face,244-250 Queen Street
2015,Pie Face,247-255 Lonsdale Street
2015,Pie Face,413-417 Elizabeth Street
2015,Pie Face,85-161 Spencer Street
2015,Pier 35 Bar & Grill,263-329 Lorimer Street
2015,Pilgrim,1-19 Princes Walk
2015,Pioneer Pizza A,38-48 Haines Street
2015,Pizza @ QV, Peel Street 
2015,Pizza Hut,2-24 Waterview Walk
2015,Pizza Max ,499-501 Spencer Street
2015,Pizza Rapido,183-265 La Trobe Street
2015,Plantation Cafe,183-265 La Trobe Street
2015,Platform 28,731-735 Bourke Street
2015,Platinum Cafe,36-58 Macaulay Road
2015,Players On Lygon,192-202 Lygon Street
2015,Plus 6zer0,163-173 Queen Street
2015,Plush Fish,156-292 Grattan Street
2015,Pocket Cafe,11-41 Melrose Street
2015,Podium Espresso Bar & Kitchen,499-511 Swanston Street
2015,Pok Pok Junior,555 Bourke Street
2015,Pok Pok,791-803 Bourke Street
2015,Pomodoro Cafe & Pizzeria,118-122 Lonsdale Street
2015,Ponyfish Island, Evan Walker Bridge
2015,Pop,68-78 Hardware Lane
2015,Poplars,34-56 Poplar Road
2015,Popol Nah,171 Lygon Street
2015,Port Diner,410 Footscray Road
2015,Porta Via,179-201 Pelham Street
2015,Portello Rosso,15-19 Warburton Lane
2015,Portland Hotel,115-127 Russell Street
2015,Portside Deli,3 Central Boulevard
2015,Post Deng Cafe,214-216 Little Bourke Street
2015,Postal Hall,114-120 Russell Street
2015,Power Cafe,624-634 Bourke Street
2015,Primary Cafe,381-405 Royal Parade
2015,Prime House,494-512 Bourke Street
2015,Prince Alfred Hotel,191-197 Grattan Street
2015,Princes Park Bowling Club,109 Bowen Crescent
2015,Princess Theatre ,163-181 Spring Street
2015,Prix Fixe,90-98 Collins Street
2015,Professor Court Cafe,156-292 Grattan Street
2015,Project 219,219 Russell Street
2015,Pronto On Flinders,335-339 Flinders Lane
2015,Pronto Pizza Bar,156-292 Grattan Street
2015,Provata Urban Larder & Cafe,320-386 Epsom Road
2015,Prudence Bar,368 Victoria Street
2015,Pud Thai Vs Pho,40-66 Siddeley Street
2015,Punch Lane Wine Bar/Restaurant,43 Little Bourke Street
2015,Pure South,3 Southgate Avenue
2015,Purple Peanuts Japanese Cafe,612-624 Collins Street
2015,QB's Cafe,261-263 Queensberry Street
2015,Quanjude Restaurant ,299-319 Queen Street
2015,Queen St Espresso ,43-51 Queen Street
2015,Queen Street Rescue,185-199 Queen Street
2015,Queen's Corner Cafe,2-8 Queen Street
2015,Queen's Kebabs,26-32 King Street
2015,Queens Cafe,138 Queensberry Street
2015,Queens Kitchen & Cafe,365-371 Queen Street
2015,Queensberry Hotel,593-597 Swanston Street
2015,Queensberry Lunch Bar,680-684 Queensberry Street
2015,R2 Restaurant & Bar,54-60 Market Street
2015,RAB Bar & Restaurant,33-71C Spencer Street
2015,RACV City Club,483-501 Bourke Street
2015,RJ's Sandwich Works,221 Little Lonsdale Street
2015,RMB Cafe,267-275 Flinders Lane
2015,Ra,86-88 Collins Street
2015,Radisson On Flagstaff Gardens,370-384 William Street
2015,Rainbows Icecream Parlour ,3-5 Star Circus
2015,Raku Raku,106-120 Collins Street
2015,Rakuzen Simple Japanese ,251-257 Cardigan Street
2015,Ramen Ya On Bourke,100-116 Bourke Street
2015,Ramen Ya,269-321 Lonsdale Street
2015,Randos Snack Bar,476-602 Footscray Road
2015,Randy Dragon,313-315 Flinders Lane
2015,Rare Steakhouse King Street,42-44 King Street
2015,Rare Steakhouse,57-67 Little Collins Street
2015,Ratee Thai,228-236 Flinders Street
2015,Raw Trader,2-20 Sutherland Street
2015,Real Food For You,368-378 Elizabeth Street
2015,Red Capsicum,255-259 Queensberry Street
2015,Red Cliff Chinese Restaurant,254-258 Queen Street
2015,Red Emperor,3 Southgate Avenue
2015,Red Leaf Restaurant,2 Boundary Road
2015,Red Monkey Tea House,470 Victoria Street
2015,Red Pepper Indian Restaurant,14 Bourke Street
2015,Red Pepper Indian Restaurant,16 Bourke Street
2015,Red Rooster 2,85-161 Spencer Street
2015,Red Rooster,85-161 Spencer Street
2015,Red Silks Restaurant & Bar,194-200 Bourke Street
2015,Red Spice QV,221 Little Lonsdale Street
2015,Red Spice Road,21-27 McKillop Street
2015,Refs Cafe,193 Flemington Road
2015,Rej's Cafe & Kebabs,362-364 Spencer Street
2015,Rejuice Bar & Cafe,16-32 Rakaia Way
2015,Renzo's Bar,16-32 Rakaia Way
2015,Replay cafe,397-407 Docklands Drive
2015,Restaurant 1903,44-64 Spencer Street
2015,Restuarant Ayams Chef,63-75 Coventry Street
2015,Rex Tremendae,547-555 Flinders Lane
2015,Reynolds St Takeaway,19 Reynolds Street
2015,Rhumba's At Docklands Pty Ltd ,791-847 Collins Street
2015,Rice @ Chevron,519-539 St Kilda Road
2015,Rice Bar Not Only Rice,251-257 Cardigan Street
2015,Rice Paper Scissors Asian Kitchen,11-19 Liverpool Street
2015,Rice Paper Vietnamese Restaurant,243-249 Swanston Street
2015,Rice Too Asian Cuisine,369-379 King Street
2015,Rice Workshop,238 Little Bourke Street
2015,Rim Thang,419 Elizabeth Street
2015,Ripe,65-81 Victoria Street
2015,Rise International Buffet and Bar,41-55 Victoria Harbour Promenade
2015,Riva Cafe Bar,309-325 Bourke Street
2015,Riverland Bar,1-19 Princes Walk
2015,Riverside Cafe,100 St Kilda Road
2015,Riverside Deli & Coffee House,472-482 Flinders Street
2015,Riverside Takeaway,93-119 Sims Street
2015,Riverside Teppanyaki,18-38 Siddeley Street
2015,Riverslide Skate Park, St Kilda Road 
2015,Roast & Brew,522-534 Collins Street
2015,Robot Sushi & Bar,302-308 Flinders Lane
2015,Rock Pool Bar & Grill,8 Whiteman Street
2015,Rock the Wok,181 William Street
2015,Roll'D RMIT,427-457 Swanston Street
2015,Roll'D Vietnamese Kitchen ,181 William Street
2015,Roll'D,351-357 Collins Street
2015,Roll'd Collins Place,45 Collins Street
2015,Roll'd Lonsdale Street,32-54 Lonsdale Street
2015,Roll'd Southen Cross Lane,111-129 Bourke Street
2015,Roll'd,13-15 Hardware Lane
2015,Rolld 417 St Kilda,415-421 St Kilda Road
2015,Roller Door Cafe,6-8 Anderson Street
2015,Romano's Coffee  Parkville,156-292 Grattan Street
2015,Romano's Coffee,221 Little Lonsdale Street
2015,Romano's Coffee,561-571 Bourke Street
2015,Romanos Coffee,74 Wellington Parade
2015,Romeo Takeaway Cafe, Peel Street 
2015,Rosa's Canteen,494-512 Bourke Street
2015,Rosa's Kitchen,22 Punch Lane
2015,Rosco's @ Chevron,519-539 St Kilda Road
2015,Rose Garden Barbecue Shop,433-435 Elizabeth Street
2015,Rosetta,8 Whiteman Street
2015,Rossi's Pizza & Pasta ,160-162 Rathdowne Street
2015,Roy's Cafe,117 Grattan Street
2015,Royal Fig Cafe,300-328 Grattan Street
2015,Royal Fusion,128-130 Lygon Street
2015,Royal Mail Hotel On Spencer,515-523 Spencer Street
2015,Royal Melbourne Hotel,621-633 Bourke Street
2015,Royal Standard Hotel,333-337 William Street
2015,Royce Hotel,375-385 St Kilda Road
2015,Ruby's Music Room,132 Little Lonsdale Street
2015,Rumour Restaurant Bar & Lounge,174-184 City Road
2015,Rush Sushi,45 Collins Street
2015,Russells Old Corner Shop Luncheon Room,328-330 King Street
2015,Ruyi,16-22 Liverpool Street
2015,Rydges on Swanston,701-713 Swanston Street
2015,Rye Cafe,320-386 Epsom Road
2015,S & J Sushi Noodle Town,31 Errol Street
2015,S M XL,15-33 William Street
2015,SMXL,542-546 Little Bourke Street
2015,STREAT ,183-265 La Trobe Street
2015,STREAT,384-390 Little Collins Street
2015,Sabre Cafe,38-46 Sabre Drive
2015,Sacred Alley Espresso Bar,97-103 Elizabeth Street
2015,Saha Thai Cafe,429-431 Macaulay Road
2015,Sahara Restaurant,301-303 Swanston Street
2015,Saigon Fusion,219-233 Elizabeth Street
2015,Saigon Inn Vietnamese Restaurant,11-19 Liverpool Street
2015,Saigon Pho Carlton,106 Lygon Street
2015,Saint & Rogue,582-584 Little Collins Street
2015,Saj Mediterranean Grill,320-386 Epsom Road
2015,Sakae,181 William Street
2015,Sake Restaurant & Bar,100 St Kilda Road
2015,Saki Sushi Bar,93-101 Spring Street
2015,Sakura Kaiten Sushi,57-67 Little Collins Street
2015,Sakura Sushi Bar,432-446 Docklands Drive
2015,Sakura Sushi Train,272-282 Lonsdale Street
2015,Sale E Pepe,232 Lygon Street
2015,Salero Kito Padang Melbourne,235-251 Bourke Street
2015,Sally's Kitchen,295-301 Exhibition Street
2015,Sambal Kampung,344-350 Collins Street
2015,Sambal Malaysia,74 Victoria Street
2015,San Churro,23-37 Star Crescent
2015,San Paolo Solarino,273-279 Little Collins Street
2015,San Telmo Restaurant,12-18 Meyers Place
2015,Sandrock,48-50 Flemington Road
2015,Saporito Cafe Bar & Grill,12-16 Kavanagh Street
2015,Saranti Cafe,327-343 Collins Street
2015,Sarti Restaurant & Bar,188-194 Little Collins Street
2015,Satay Bar,15-33 William Street
2015,Sawai Thai Restaurant,357 Victoria Street
2015,Sbriga Espresso Bar,276-282 King Street
2015,Schnitz ,338-344 Queen Street
2015,Schnitz Melbourne Central,183-265 La Trobe Street
2015,Schnitz QV,221 Little Lonsdale Street
2015,Schnitz,201-207 Elizabeth Street
2015,Schnitz,27-45 Whiteman Street
2015,Scholars Wine Bar,478-484 Victoria Street
2015,School of Life,669-675 Bourke Street
2015,Scopri Italian Food & Wine ,191 Nicholson Street
2015,Script Bar & Bistro,140 Southbank Boulevard
2015,Scugnizzo Ristorante ,548-558 Little Bourke Street
2015,Sea Life Melbourne Aquarium, King Street 
2015,Sea Salt,256-268 Flinders Street
2015,Seamstress,113 Lonsdale Street
2015,Seasalt Fish & Sushi Bar,364 Lygon Street
2015,Seasons Provedore,199 Lygon Street
2015,Section 8 Bar,27-29 Tattersalls Lane
2015,Self Preservation,70 Bourke Street
2015,Sempre Pizza & Calzone,45-49 Bourke Street
2015,Sensory Lab,299-307 Bourke Street
2015,Seoul House Korean Restaurant,226-236 Russell Street
2015,Seven Seeds ,106-114 Berkeley Street
2015,Seven Wraps,184-192 Queen Street
2015,Sezar,114-120 Russell Street
2015,Shakahari Vegetarian Restaurant,201-203 Faraday Street
2015,Shalom Indonesian Restaurant,474 Little Lonsdale Street
2015,Shandong Mama Dumplings,194-200 Bourke Street
2015,Shanghai Dragon Dumpling House,163-169 Russell Street
2015,Shanghai Dumpling Restaurant,23-25 Tattersalls Lane
2015,Shanghai Dynasty Restaurant,206-218 Bourke Street
2015,Shanghai Master Dumpling,171-173 King Street
2015,Shanghai Noodle House,242-244 Little Bourke Street
2015,Shanghai Street Xiaolongboa & Dumpling,210-222 Russell Street
2015,Shanghai Street,219-233 Elizabeth Street
2015,Shanghai Street,58-66 La Trobe Street
2015,Shanghai Village,112-114 Little Bourke Street
2015,Shanti Bhagwan Cafe,156-292 Grattan Street
2015,Shark Fin House,134-144 Bourke Street
2015,Sharkfin Inn City,50-52 Little Bourke Street
2015,Shebeen,30-44 Manchester Lane
2015,Sheila Baxter Training Centre Pty Ltd ,91-93 Queens Bridge Street
2015,Sheni's Curries,141-165 Collins Street
2015,Shimbashi Japanese Soba & Sake Bar,11-19 Liverpool Street
2015,Shinsei Fish & Sushi Bar ,829-843 Bourke Street
2015,Shinsei Rice & Sushi Bar,720-750 Collins Street
2015,Shinsei Sushi ,788-812 Bourke Street
2015,Shiraaz at CBD Fine Indian Cuisine,22-38 William Street
2015,Sho Noodles,8 Whiteman Street
2015,Shophouse Kitcken,221 Little Lonsdale Street
2015,Shortstop Coffee & Donuts,2-20 Sutherland Street
2015,Shou Sumiyaki,196-208 Russell Street
2015,Shoya Melbourne,23-27 Market Lane
2015,Shuji Sushi,1-9 Freshwater Place
2015,Shuji Sushi,251-257 Collins Street
2015,Shuji Sushi,313-329 Exhibition Street
2015,Shuji Sushi,32-54 Lonsdale Street
2015,Shuji Sushi,40-52 Queen Street
2015,Shuji Sushi,45-49 Bourke Street
2015,Shuji Sushi,452-470 Flinders Street
2015,Shuji Sushi,48-50 Flemington Road
2015,Shuji Sushi,519-539 St Kilda Road
2015,Shuji Sushi,550 Lonsdale Street
2015,Shuji Sushi,589-603 Bourke Street
2015,Shuji Sushi,816-828 Bourke Street
2015,Shuli Sushi,737-743 Bourke Street
2015,Sichuan Dining Room,194-200 Bourke Street
2015,Sichuan House,22-26 Corrs Lane
2015,Signature Coffee,1-9 Collins Street
2015,Signature Pho Viet,20-30 Convention Centre Place
2015,Silks,8 Whiteman Street
2015,Simmer Pronto ,720-750 Collins Street
2015,Simply Spanish,507-523 Elizabeth Street
2015,Simply Spanish,555 Bourke Street
2015,Simpsons Chips & Burgers,143-153 Russell Street
2015,Singlo Bar,161 Spring Street
2015,Sister Bellas,22 Drewery Place
2015,Sixpence Cafe,578-606 Bourke Street
2015,Slate Restaurant Bar,515 Little Bourke Street
2015,Slater St Bench,427-431 St Kilda Road
2015,Snack Delight,17-19 Elizabeth Street
2015,Snag Stand,183-265 La Trobe Street
2015,Snapperhead Fish And Chips,38-48 Haines Street
2015,Snax Deli,81 Errol Street
2015,Society Cafe,23-29 Bourke Street
2015,Sofi's Lounge,25-45 Collins Street
2015,Soho Restaurant & Bar,4 Riverside Quay
2015,Solah,240-254 Victoria Parade
2015,Somethin Fishy,1-11 Sutherland Street
2015,Sool Tong,207-213 Queen Street
2015,Sopranos,89-91 City Road
2015,Sori Cafe,174 Bellair Street
2015,Sosta Cucina,10-14 Errol Street
2015,Soul Cafe,191-205 Swanston Street
2015,Soul Soup Cafe,55 Cardigan Street
2015,Souperman Cafe,386-392 Lonsdale Street
2015,South Melbourne Market Dim Sims,269-321 Lonsdale Street
2015,Southbank Noodle Box,89-91 City Road
2015,Souvlaki Way ,744-770 Bourke Street
2015,Spaghettata Restaurant,238 Lygon Street
2015,Spaghetti Tree ,59-63 Bourke Street
2015,Spanish Doughnuts ,274-282 Flinders Street
2015,Spanish Doughnuts,85-161 Spencer Street
2015,Speck Cafe,221-231 Queen Street
2015,Spice 9 Grill,604 Swanston Street
2015,Spice Market,121-131 Collins Street
2015,Spice Temple,8 Whiteman Street
2015,Spice Up Hot Pot Dips ,46 Little La Trobe Street
2015,Spicy Fish Restaurant,222-244 Bourke Street
2015,Spicy House,673-683 La Trobe Street
2015,Spiga,183-265 La Trobe Street
2015,Spin Coffee,555 Bourke Street
2015,Spinifex Cafe / Bakery,192-194 Bellair Street
2015,Spire,27-33 City Road
2015,Spleen Central,39-43 Bourke Street
2015,Spotless Services,120 Brunton Avenue
2015,Spud Bar,394-400 Little Bourke Street
2015,Spudbar @ Chevron,519-539 St Kilda Road
2015,Spudbar,269-321 Lonsdale Street
2015,Squires Loft City Steakhouse Pty Ltd,10-12 Goldie Place
2015,Squires Loft Dockland,816-828 Bourke Street
2015,Squisito Bar,221 Little Lonsdale Street
2015,Sr's Namaste,104 Lygon Street
2015,Ssarim's Cafe,369-379 King Street
2015,St Ann's On Rathdowne Street,401 Rathdowne Street
2015,Stalactites Restaurant,235-241 Russell Street
2015,Star Kingdom Chinese Restaurant,82 Wellington Parade
2015,Star Walk Cafe,309-325 Bourke Street
2015,Starbucks ,163-261 Spencer Street
2015,Starbucks ,289-299 Swanston Street
2015,Starbucks,199-209 Collins Street
2015,Starbucks,235-251 Bourke Street
2015,Starbucks,274-282 Flinders Street
2015,Stassi Cafe,346-376 Queen Street
2015,State Netball & Hockey Centre Cafe,10 Brens Drive
2015,State of Grace,471-485 Collins Street
2015,Steakhouse 66,37-43 Caravel Lane
2015,Stellini Bar,196-212 Little Collins Street
2015,Stokehouse Restaurant,7-19 Alfred Place
2015,Story Coffee & Food Store,700-704 Bourke Street
2015,Story so Far,6-8 Dorcas Street
2015,Stovetop,100-106 Leicester Street
2015,Straits Cafe,318-332 Flinders Street
2015,Strike Bowling,221 Little Lonsdale Street
2015,Strike Melbourne Central,183-265 La Trobe Street
2015,Strozzi Restaurant,327-343 Collins Street
2015,Studio Cofee,20-30 Convention Centre Place
2015,Stuzzichino,169 Lygon Street
2015,Subway ,1-9 Freshwater Place
2015,Subway ,528-538 Lonsdale Street
2015,Subway ,744-770 Bourke Street
2015,Subway Carlton,660-674 Swanston Street
2015,Subway Vic Harbour,834-846 Bourke Street
2015,Subway,1 Phillip Court
2015,Subway,1-5 Elizabeth Street
2015,Subway,104-110 Exhibition Street
2015,Subway,163-173 Queen Street
2015,Subway,163-261 Spencer Street
2015,Subway,175-177 King Street
2015,Subway,187-193 Elizabeth Street
2015,Subway,216-220 Swanston Street
2015,Subway,23-37 Star Crescent
2015,Subway,235 Exhibition Street
2015,Subway,235-251 Bourke Street
2015,Subway,27-45 Whiteman Street
2015,Subway,31-41 Swanston Street
2015,Subway,335-347 Swanston Street
2015,Subway,407B-407D St Kilda Road
2015,Subway,416-420 Collins Street
2015,Subway,465 Elizabeth Street
2015,Subway,520-528 Victoria Street
2015,Subway,733-747 Collins Street
2015,Subway,75-77 Flinders Lane
2015,Subway,97-103 Elizabeth Street
2015,Sud,217-219 King Street
2015,Suda,550 Lonsdale Street
2015,Sugar Ratna Restaurant,199 Victoria Street
2015,Sugarbun,205-207 Russell Street
2015,Suhara Sushi,813-817 Bourke Street
2015,Summit Cafe & Bar,694-704 Collins Street
2015,Sumo Salad,85-161 Spencer Street
2015,Sung's Kitchen,114-122 Franklin Street
2015,Suni Sushi Bar,1-9 Freshwater Place
2015,Sunny Boy Cafe,430-442 Collins Street
2015,Supernormal,167-173 Collins Street
2015,Supper Inn Chinese Restaurant,15-17 Celestial Avenue
2015,Sura Korean Restaurant,1 Star Circus
2015,Suri Suri / By Korea Southern Cross,601-611 Little Collins Street
2015,Sushi Deli,393-397 Little Bourke Street
2015,Sushi Hon,269-321 Lonsdale Street
2015,Sushi Hotaru,194-200 Bourke Street
2015,Sushi Hut,353-359 Little Collins Street
2015,Sushi Kissaten , Peel Street 
2015,Sushi Land,89-105 Collins Street
2015,Sushi Masa,10 Bourke Street
2015,Sushi Monger ,309-325 Bourke Street
2015,Sushi Sushi ,221 Little Lonsdale Street
2015,Sushi Sushi Central,183-265 La Trobe Street
2015,Sushi Sushi,148 Swanston Street
2015,Sushi Sushi,183-265 La Trobe Street
2015,Sushi Sushi,222-260 Elizabeth Street
2015,Sushi Sushi,269-321 Lonsdale Street
2015,Sushi Sushi,317 Swanston Street
2015,Sushi Ten,228-236 Flinders Street
2015,Svago Ristorante,118 Lygon Street
2015,Swanston Walk Cafe Bar,157-159 Swanston Street
2015,Swiss Club Restaurant,87-89 Flinders Lane
2015,Switchboard Cafe,220-226 Collins Street
2015,Syracuse Restaurant - Bar ,435-443 Little Collins Street
2015,Szechuan Dining Room,483 Swanston Street
2015,T-Roy Browns,363-397 Flinders Street
2015,T-Square Club Cafe,136-154 Victoria Street
2015,TGI Fridays Restarant & Bar,183-265 La Trobe Street
2015,TGI Fridays Restaurant & Bar,1-9 Freshwater Place
2015,Ta-Ta House,179 Russell Street
2015,Tabby House,275 King Street
2015,Taco Bill Collins Street,412-414 Collins Street
2015,Taco Bill Mexican Restaurant,173-175 Bourke Street
2015,Taco Bill,457-469 Macaulay Road
2015,Tadka Boom,550 Bourke Street
2015,Taiwan Cafe,273 Swanston Street
2015,Taketori Fusion Japanese,225-237 King Street
2015,Tako Sushi Japanses Cafe,221-231 Collins Street
2015,Takumi Japanese Restaurant,32-38 Bourke Street
2015,Tank Fish And Chippery ,149 Lygon Street
2015,Tank Fish And Chippery ,151 Lygon Street
2015,Tapachula,44-50 Errol Street
2015,Tarng,19-37 A'Beckett Street
2015,Tataki Noodles & Dumplings,788-812 Bourke Street
2015,Taxi Kitchen,2 Swanston Street
2015,Tazio Birraria & Pizzeria,45 Collins Street
2015,Tea House At Chinatown,11-17 Cohen Place
2015,Tea Up,441-447 Elizabeth Street
2015,Teatro,100 St Kilda Road
2015,Tempo Bar,250-254 Flinders Street
2015,Tengu Sushi,431 Little Collins Street
2015,Teppanyaki Inn,182 Collins Street
2015,Teresa's Cafe,90-98 Coode Road
2015,Terra Rossa,87-89 Flinders Lane
2015,Terrace Deli,457-469 Little Collins Street
2015,Thai Chilli Cafe,226-236 Russell Street
2015,Thai City Restaurant,124 Lygon Street
2015,Thai Culinary,433-435 Elizabeth Street
2015,Thai Viet,109-117 Swanston Street
2015,Thailander,139-143 Lonsdale Street
2015,Thailander,425-427 Little Collins Street
2015,Thailicious,355-357 Exhibition Street
2015,That Schnitzel Place,231-233 Exhibition Street
2015,The Adelphi Hotel,187 Flinders Lane
2015,The Albany,1-23 Millswyn Street
2015,The Apartment Restaurant Club Lounge,401-405 Little Bourke Street
2015,The Atlantic/The Den /The Oyster Bar & Grill,8 Whiteman Street
2015,The Australian Club,98-110 William Street
2015,The Basement @ 350 La Trobe,348-358 La Trobe Street
2015,The Beaufort,415-421 Rathdowne Street
2015,The Beggar's Bowl,63-65 City Road
2015,The Boatbuilders Yard,1-27 South Wharf Promenade
2015,The Bodega,315 Victoria Street
2015,The Bond Store Cafe,1 Riverside Quay
2015,The Bottom End,577-583 Little Collins Street
2015,The Brass Coq,470-472 Little Lonsdale Street
2015,The Bridge Deli,107-127 Queens Bridge Street
2015,The Carlton Hotel,193-199 Bourke Street
2015,The Carlton Wine Room,172-174 Faraday Street
2015,The Castle Hotel,56-58 Courtney Street
2015,The Catholic Leadship Centre,576-594 Victoria Parade
2015,The Celtic Club Incorporated,316-322 Queen Street
2015,The Charles Dickens Tavern,280-292 Collins Street
2015,The Coffee Club Waterfront City,3-5 Star Circus
2015,The Coffee Club,163-261 Spencer Street
2015,The Coffee Commission ,76-80 Collins Street
2015,The Comics Lounge,20-26 Errol Street
2015,The Commercial Bakery,358-360 Little Collins Street
2015,The Commune ,2-12 Parliament Place
2015,The Commuters Cafe & Bar,589-605 Collins Street
2015,The Connoisseurs Cafe Bar,368-386 Lygon Street
2015,The Corkman Irish Pub,154-160 Leicester Street
2015,The Corner On Bellair ,170 Bellair Street
2015,The Crane,212 Little Bourke Street
2015,The Crimean,351-359 Queensberry Street
2015,The Cupcake Family,221 Little Lonsdale Street
2015,The Deanery,319-325 Collins Street
2015,The Deck Cafe On St Kilda Road,477-479 St Kilda Road
2015,The Deck,3 Southgate Avenue
2015,The Deli Counter,207-213 Queen Street
2015,The Dessert Box,147 Lygon Street
2015,The Drunken Poet Pty Ltd,65-67 Peel Street
2015,The Duke,142-148 Flinders Street
2015,The Elephant and Wheelbarrow,94-96 Bourke Street
2015,The Essoign Club,205-221 William Street
2015,The European,161 Spring Street
2015,The Fair Trader Cafe,11-37 Exhibition Street
2015,The Fat Duck,8 Whiteman Street
2015,The Firm Espresso Bar,458-468 Lonsdale Street
2015,The First Big Mama,462-468 Swanston Street
2015,The French Brasserie,11-37 Exhibition Street
2015,The Garden Cafe,422-440 Elizabeth Street
2015,The General Assembly,29-65 South Wharf Promenade
2015,The Golden Triangle Restaurant,185-189 Domain Road
2015,The Graduate Union of the University of Melbourne,197-235 Bouverie Street
2015,The Grand Trailer Park Taverna,87-91 Bourke Street
2015,The Groove Train ,791-847 Collins Street
2015,The Groove Train,3-5 Star Circus
2015,The Groove Train,376-390 Collins Street
2015,The Harbour Kitchen,788-812 Bourke Street
2015,The Hardware Societe,116-122 Hardware Street
2015,The Hot Poppy,9 Errol Street
2015,The Irish Times,425-427 Little Collins Street
2015,The J Walk Cafe,150 Lonsdale Street
2015,The Joint Bar,31-39 Elizabeth Street
2015,The Journal Canteen/Oskars Kitchen,253-265 Flinders Lane
2015,The Lab Nitrogen Gelato,188 Bourke Street
2015,The Last Jar,614-616 Elizabeth Street
2015,The League Of Honest Coffee,2-14 Exploration Lane
2015,The Leveson,46-50 Leveson Street
2015,The Little Cafe On Healeys Lane,551-555 Little Lonsdale Street
2015,The Little Mule Company Pty Ltd,19 Somerset Place
2015,The Lobby Cafe,11-37 Exhibition Street
2015,The Long Room,162-168 Collins Street
2015,The Louden Kitchen & Grill,265-279 Little Bourke Street
2015,The Lounge,243-249 Swanston Street
2015,The Lyceum Club,2-18 Ridgway Place
2015,The Meat & Wine Co,1-9 Freshwater Place
2015,The Medallion Club,122-148 Harbour Esplanade
2015,The Melbourne Club,36-50 Collins Street
2015,The Melbourne Supper Club,161 Spring Street
2015,The Mercant Cross Hotel / Fancy Hanks Bar-B-Que,143-151 Therry Street
2015,The Merrywell,8 Whiteman Street
2015,The Mess Hall,51 Bourke Street
2015,The Mill,67-73 Hardware Lane
2015,The Mint Bar & Restaurant,318 William Street
2015,The Moat Bar & Cafe,304-328 Swanston Street
2015,The Mug House,430-442 Collins Street
2015,The Newquay Hotel,24-42 Newquay Promenade
2015,The Nixon Hotel,747-757 Bourke Street
2015,The Old Chamber ,389-399 Collins Street
2015,The Old Laneway Cafe,220-228 Lygon Street
2015,The Organic Food & Wine Deli ,253-265 Flinders Lane
2015,The Overdraft Deli,359-373 Collins Street
2015,The Oxford Scholar Hotel,427-457 Swanston Street
2015,The Pancake Parlour,183-265 La Trobe Street
2015,The Pancake Parlour,283-297 Bourke Street
2015,The Pavilion, Wellington Parade 
2015,The Potter Espresso Bar,156-292 Grattan Street
2015,The Premises Espresso,198-204 Bellair Street
2015,The Press Club ,46-74 Flinders Street
2015,The Quarter,267-275 Flinders Lane
2015,The Queens Of Heart Cafe,204-234 St Kilda Road
2015,The Quiet Man Irish Pub,265-271 Racecourse Road
2015,The Russell,122 Russell Street
2015,The Salon By Louis Roderer,314-336 Bourke Street
2015,The Sensible Sandwich Cafe,464-468 Victoria Street
2015,The Servery,42-50 Rosslyn Street
2015,The Sherlock Holmes Inn,415-417 Collins Street
2015,The Soup Place,252-254 Flinders Lane
2015,The Taste of Korchi City,441-443 Little Bourke Street
2015,The Tea Room,130-200 St Kilda Road
2015,The Tea Salon,269-321 Lonsdale Street
2015,The Terrace Restaurant Bar & Grill ,333-351 Exhibition Street
2015,The Terrace, Alexandra Avenue
2015,The Tippier & Co,56-70 Wellington Parade
2015,The Town Mouse,310-312 Drummond Street
2015,The Truffula Seed Cafe,1-9 Spring Street
2015,The Trust,21-31 Market Street
2015,The Tuck Shop ,494-512 Bourke Street
2015,The Turf Bar & Restaurant,131-141 Queen Street
2015,The Unspoken Travels of Oscar Ryan Espresso Bar,121 Exhibition Street
2015,The Victoria Hotel Melbourne,209-221 Little Collins Street
2015,The Vine Coffee Roasters,427-457 Swanston Street
2015,The Westpac Centre Cafe,10-20 Olympic Boulevard
2015,The Wharf Bakehouse,34 Wirraway Drive
2015,The Wharf Hotel,18-38 Siddeley Street
2015,The White Lotus Vegetarian Cafe,183-185 Victoria Street
2015,The Workers Food Room,470-472 Little Lonsdale Street
2015,The Yoghurt Club ,1-9 Freshwater Place
2015,Theobroma Chocolate Lounge ,163-261 Spencer Street
2015,Theobroma Chocolate Lounge,183-265 La Trobe Street
2015,Three Below,199-209 Collins Street
2015,Three Crowns Hotel,361-365 Victoria Street
2015,Three Drops Espresso,221-231 Collins Street
2015,Threefold,381-387 Flinders Lane
2015,Thresherman's Bakehouse,221-229 Faraday Street
2015,Tia To - Vietnamese Restaurant,8 Whiteman Street
2015,Tiamo 2,305 Lygon Street
2015,Tiamo Coffee,303 Lygon Street
2015,Tica-Tera's Pizza Restaurant,173 Lygon Street
2015,Tigerlily Cafe,111-113 Grattan Street
2015,Time Out Cafe,2 Swanston Street
2015,Toast Caffe,13-15 Errol Street
2015,Toasted,427-431 St Kilda Road
2015,Toby's Estate Coffee,325-331 Flinders Lane
2015,Tokui Sushi,281-287 Swanston Street
2015,Tokyo Maki One,545-557 Flinders Street
2015,Tokyo Maki,339 King Street
2015,Tokyo Sushi Kitchen,415-421 St Kilda Road
2015,Tom Thumb Espresso,55 Flinders Lane
2015,Tom Toon 3 Thai Restaurant,273 King Street
2015,Tonka Bar & Restaurant,96-98 Flinders Street
2015,Toothpicks Cafe,714-736 Swanston Street
2015,Top End Cafe,774-782 Elizabeth Street
2015,Top Juice,183-265 La Trobe Street
2015,Topcatch Fish & Chippery,11 Errol Street
2015,Toto's Pizza,99-109 Lygon Street
2015,Touche Hombre,233-237 Lonsdale Street
2015,Tower Shushi,121 Exhibition Street
2015,Tower Sushi,242-284 Exhibition Street
2015,Townhall Hotel North Melbourne,33 Errol Street
2015,Toyko Pop,269-321 Lonsdale Street
2015,Trampoline,3 Southgate Avenue
2015,Transit Cocktail Lounge,2 Swanston Street
2015,Traveller,10-26 Crossley Street
2015,Travelodge Docklands,715-727 Bourke Street
2015,Travelodge Southbank,9 Riverside Quay
2015,Treasury Eats Cafe ,1 MacArthur Street
2015,Trend Cafe,369-379 King Street
2015,Treviso,4-10 Bank Place
2015,Tribel Cafe, Peel Street 
2015,Triim,393-397 Little Bourke Street
2015,Trios Cafe,114-128 William Street
2015,Troika Bar ,106 Little Lonsdale Street
2015,Tropicana Juice Bar,209-213 Elizabeth Street
2015,Trotters Restaurant,398-400 Lygon Street
2015,Trunk,275-285 Exhibition Street
2015,Tsindos Greek Restaurant,197 Lonsdale Street
2015,Tsubu Bar,156-292 Grattan Street
2015,Turf Club Hotel ,1-3 Flemington Road
2015,Tuscan Bar Melbourne,79-85 Bourke Street
2015,Tutto Premium Frozen Yogurt And Dessert ,81-109 Grattan Street
2015,Tutto bene,3 Southgate Avenue
2015,Twee's Hut Vietnamese Favourites,335-349 Little Collins Street
2015,Twenty & Six Espresso,594 Queensberry Street
2015,Two Fat Indians,162-168 Wellington Parade
2015,Two Fingers,27-37 Russell Street
2015,Two Fish Seafood Cafe,457-469 Little Collins Street
2015,Ultimate Coffee Bar,189 Elgin Street
2015,Ultimate You Fitness ,296-306 City Road
2015,Ume Sushi House,383-385 Little Bourke Street
2015,Underbridge Sports Bar & Cafe,816 Lorimer Street
2015,Uni Square Cafe,165 Pelham Street
2015,Uniku Sushi,479-495 La Trobe Street
2015,Universal Pizza,139-141 Lygon Street
2015,University Cafe,255-257 Lygon Street
2015,University High School Canteen,77 Story Street
2015,University Hotel,270-276 Lygon Street
2015,University House Club ,156-292 Grattan Street
2015,Urban Burger,47 Errol Street
2015,Urban Central Accomodation / bar334,334-342 City Road
2015,Urban Deli SX1,121 Exhibition Street
2015,Urban Deli,359-373 Collins Street
2015,Urban Express,141-165 Collins Street
2015,Urban Table Expresso,32-54 Lonsdale Street
2015,V P R Vietnamese Pork Roll,1-9 Freshwater Place
2015,V R Thai,309-325 Bourke Street
2015,Va Bene Pizzeria,143-175 Harbour Esplanade
2015,Vapiano,351-357 Collins Street
2015,Vecci Cafe,486-492 Albert Street
2015,Velluto 2,85-161 Spencer Street
2015,Velluto,85-161 Spencer Street
2015,Verandah Cafe,170-174 Collins Street
2015,Via Veneto,234-236 Lygon Street
2015,Vibe Hotel,419-443 Royal Parade
2015,Vibe Savoy Hotel Melbourne,626-636 Little Collins Street
2015,Victoria Racing Club Limited ,428-550 Epsom Road
2015,Vietnam Street Eats,353-359 Little Collins Street
2015,Vietnoms,335-349 Little Collins Street
2015,Villa Romana,246-252 Lygon Street
2015,Villanove Coffee,104 Ireland Street
2015,VinTam's Bakery,41-55 Victoria Harbour Promenade
2015,Vincent The Dog,348 Drummond Street
2015,Virgin Active Health Club,134-144 Bourke Street
2015,Vista Fiyme,2-92 Rebecca Walk
2015,Vita Juice Energy For Life,292-298 Flinders Street
2015,Vita Patisserie,183-265 La Trobe Street
2015,Vons Restaurant & Bar,68-78 Hardware Lane
2015,Vue De Monde - Restaurant,505-535 Collins Street
2015,Waffee,221-231 Collins Street
2015,Waffee,269-321 Lonsdale Street
2015,Waffle On,250-254 Flinders Street
2015,Wagaya Japanese Restaurant,194-200 Bourke Street
2015,Waiters Restaurant,20 Meyers Place
2015,Walker's Doughnuts,274-282 Flinders Street
2015,Wang Fu Jing Street,191 Lygon Street
2015,Warra Warra,235-251 Bourke Street
2015,Warung Agus,297-307 Victoria Street
2015,Water Flame ,330-344 Little Lonsdale Street
2015,Waterfront (Southgate),3 Southgate Avenue
2015,Waterfront Venues,425-427 Docklands Drive
2015,Watermark Bar,788-812 Bourke Street
2015,Watershed Carwash & Cafe,438-452 Spencer Street
2015,Waterside Hotel,508-514 Flinders Street
2015,Waterside Oriental Bistro,2-16 Newquay Promenade
2015,Ways & Means Cafe,299 Spring Street
2015,We Cafe,19-37 A'Beckett Street
2015,Welcome India,578-606 Bourke Street
2015,Welcome Stranger,124-128 Bourke Street
2015,West Village NYC,20-30 Convention Centre Place
2015,Western Coffee Lounge,355-369 Spencer Street
2015,Westlake Restaurant,189-191 Little Bourke Street
2015,Where's Marcel?,221 Little Lonsdale Street
2015,Whisky and Alement,270 Russell Street
2015,White Rabbit Record Bar,176 Bellair Street
2015,Whitte Tomato,160-162 Bourke Street
2015,Williams Bar Cafe,1-13 William Street
2015,Windsor Hotel,103-137 Spring Street
2015,Wing Loong Chinese Restaurant,506-516 Elizabeth Street
2015,Witches In Britches Pty Ltd,78-86 Dudley Street
2015,Wonder Kafe,607-621 Swanston Street
2015,Wonderbao,19-37 A'Beckett Street
2015,Wonderful Garden,608-610 Collins Street
2015,Wonton House,181-183 Russell Street
2015,Woo-Ga,268-276 Victoria Street
2015,Woochon,374-380 Lonsdale Street
2015,Wood N Chimney,183-265 La Trobe Street
2015,Woodo,179 King Street
2015,Woodside Green,87 Cardigan Street
2015,Woolshed Pub,143-175 Harbour Esplanade
2015,Word,14-20 Goldie Place
2015,Workshop,413-417 Elizabeth Street
2015,World Restaurant & Bar,4 Riverside Quay
2015,Xian Famous Foods,260-262 Russell Street
2015,Xpressomondo,267-275 Flinders Lane
2015,Xtraction ,295-307 William Street
2015,YHA Melbourne Metro ,76-86 Howard Street
2015,Yak Bar Pasta Artigianale,141-165 Collins Street
2015,Yamato Japanese Restaurant,221-227 Exhibition Street
2015,Yamato Japanese Restaurant,28 Corrs Lane
2015,Yami Yami 3,200-202 La Trobe Street
2015,Yami Yami,394-400 Lonsdale Street
2015,Yan's Cafe ,505-507 Spencer Street
2015,Yarra Dragon,18-38 Siddeley Street
2015,Yen Sushi Noodle,252-254 Flinders Lane
2015,Yeonga,1-3 Cobden Street
2015,Yes Cafe,131-137 Lonsdale Street
2015,Yes Sushi  & Cafe,458-466 Bourke Street
2015,Ying Thai 2,110 Lygon Street
2015,Yo-Chi,194-196 Faraday Street
2015,Young & Jacksons,1-7 Swanston Street
2015,YourThai Rice & Noodle Bar,255 Swanston Street
2015,Yoyogi Japanese Cafe,211-213 Swanston Street
2015,Yu-U,137-139 Flinders Lane
2015,Yum Cha Cafe,189-195 Exhibition Street
2015,Yum Yum Dumplings,302-308 Flinders Lane
2015,Yummy Hut,673-683 La Trobe Street
2015,Yummy Yummy,173-181 Victoria Street
2015,Yuzu Cafe & Cuisine,480-490 Collins Street
2015,Zam Zam Restaurant ,364-372 Lonsdale Street
2015,Zambrero,156-292 Grattan Street
2015,Zambrero,386-392 Lonsdale Street
2015,Zero Gravity Cafe Bar,359-373 Collins Street
2015,Zhen Hong Restaurant,191-193 Russell Street
2015,Zigzag Salads & Burgers,320-386 Epsom Road
2015,Zinc Cafe,48-50 Flemington Road
2015,Zio's Ristorante,14 Lansdowne Street
2015,Ziyka Restaurant  ,174 Rathdowne Street
2015,Zoom Organic ,32-54 Lonsdale Street
2015,Zouki Cafe Eye & Ear Hospital,126-142 Victoria Parade
2015,Zouki Cafe,137-161 Grey Street
2015,Zouki Cafe,330-344 Little Lonsdale Street
Year,Name,Address
